--
-- OpenELIS Global User Data Export
-- Generated by extract-user-data.sh
--
-- This file contains:
--   - System roles and modules
--   - Login users and system users
--   - User role assignments and permissions
--   - Departments (test sections)
--   - Organizations and organization types
--   - Lab unit role mappings
--   - Units of measure
--
-- To import: ./scripts/populate-user-data.sh -i <this-file>
--

SET client_encoding = 'UTF8';
SET standard_conforming_strings = on;

BEGIN;

-- System Roles
INSERT INTO clinlims.system_role (id, name, description, is_grouping_role, grouping_parent, display_key, active, editable) VALUES (1, 'Global Administrator', 'Change tests, panels etc.', false, 69, 'role.maintenance', true, false) ON CONFLICT (id) DO UPDATE SET name = EXCLUDED.name, description = EXCLUDED.description, is_grouping_role = EXCLUDED.is_grouping_role, grouping_parent = EXCLUDED.grouping_parent, display_key = EXCLUDED.display_key, active = EXCLUDED.active, editable = EXCLUDED.editable;
INSERT INTO clinlims.system_role (id, name, description, is_grouping_role, grouping_parent, display_key, active, editable) VALUES (2, 'User Account Administrator', 'Add/remove users and assign roles.', false, 69, 'role.users', true, false) ON CONFLICT (id) DO UPDATE SET name = EXCLUDED.name, description = EXCLUDED.description, is_grouping_role = EXCLUDED.is_grouping_role, grouping_parent = EXCLUDED.grouping_parent, display_key = EXCLUDED.display_key, active = EXCLUDED.active, editable = EXCLUDED.editable;
INSERT INTO clinlims.system_role (id, name, description, is_grouping_role, grouping_parent, display_key, active, editable) VALUES (4, 'Reception', 'Sample entry and patient management.', false, 70, 'role.intake', true, false) ON CONFLICT (id) DO UPDATE SET name = EXCLUDED.name, description = EXCLUDED.description, is_grouping_role = EXCLUDED.is_grouping_role, grouping_parent = EXCLUDED.grouping_parent, display_key = EXCLUDED.display_key, active = EXCLUDED.active, editable = EXCLUDED.editable;
INSERT INTO clinlims.system_role (id, name, description, is_grouping_role, grouping_parent, display_key, active, editable) VALUES (5, 'Results', 'Enter and review results.', false, 70, 'role.results', true, false) ON CONFLICT (id) DO UPDATE SET name = EXCLUDED.name, description = EXCLUDED.description, is_grouping_role = EXCLUDED.is_grouping_role, grouping_parent = EXCLUDED.grouping_parent, display_key = EXCLUDED.display_key, active = EXCLUDED.active, editable = EXCLUDED.editable;
INSERT INTO clinlims.system_role (id, name, description, is_grouping_role, grouping_parent, display_key, active, editable) VALUES (6, 'Inventory mgr', 'Add and de/reactivate kits.', false, NULL, 'role.inventory', false, false) ON CONFLICT (id) DO UPDATE SET name = EXCLUDED.name, description = EXCLUDED.description, is_grouping_role = EXCLUDED.is_grouping_role, grouping_parent = EXCLUDED.grouping_parent, display_key = EXCLUDED.display_key, active = EXCLUDED.active, editable = EXCLUDED.editable;
INSERT INTO clinlims.system_role (id, name, description, is_grouping_role, grouping_parent, display_key, active, editable) VALUES (7, 'Reports', 'Generate reports.', false, 70, 'role.reports', true, false) ON CONFLICT (id) DO UPDATE SET name = EXCLUDED.name, description = EXCLUDED.description, is_grouping_role = EXCLUDED.is_grouping_role, grouping_parent = EXCLUDED.grouping_parent, display_key = EXCLUDED.display_key, active = EXCLUDED.active, editable = EXCLUDED.editable;
INSERT INTO clinlims.system_role (id, name, description, is_grouping_role, grouping_parent, display_key, active, editable) VALUES (9, 'Results modifier', 'Has permission to modify already entered results', false, NULL, 'role.result.modifier', false, true) ON CONFLICT (id) DO UPDATE SET name = EXCLUDED.name, description = EXCLUDED.description, is_grouping_role = EXCLUDED.is_grouping_role, grouping_parent = EXCLUDED.grouping_parent, display_key = EXCLUDED.display_key, active = EXCLUDED.active, editable = EXCLUDED.editable;
INSERT INTO clinlims.system_role (id, name, description, is_grouping_role, grouping_parent, display_key, active, editable) VALUES (10, 'Validation', 'A person who can validate results', false, 70, 'role.validator', true, false) ON CONFLICT (id) DO UPDATE SET name = EXCLUDED.name, description = EXCLUDED.description, is_grouping_role = EXCLUDED.is_grouping_role, grouping_parent = EXCLUDED.grouping_parent, display_key = EXCLUDED.display_key, active = EXCLUDED.active, editable = EXCLUDED.editable;
INSERT INTO clinlims.system_role (id, name, description, is_grouping_role, grouping_parent, display_key, active, editable) VALUES (11, 'Audit Trail', 'Able to view the audit trail', false, 69, 'role.audittrail', true, false) ON CONFLICT (id) DO UPDATE SET name = EXCLUDED.name, description = EXCLUDED.description, is_grouping_role = EXCLUDED.is_grouping_role, grouping_parent = EXCLUDED.grouping_parent, display_key = EXCLUDED.display_key, active = EXCLUDED.active, editable = EXCLUDED.editable;
INSERT INTO clinlims.system_role (id, name, description, is_grouping_role, grouping_parent, display_key, active, editable) VALUES (12, 'Test Management', 'Able to modify test catalog', false, NULL, 'role.test.configuration', false, false) ON CONFLICT (id) DO UPDATE SET name = EXCLUDED.name, description = EXCLUDED.description, is_grouping_role = EXCLUDED.is_grouping_role, grouping_parent = EXCLUDED.grouping_parent, display_key = EXCLUDED.display_key, active = EXCLUDED.active, editable = EXCLUDED.editable;
INSERT INTO clinlims.system_role (id, name, description, is_grouping_role, grouping_parent, display_key, active, editable) VALUES (66, 'Results Admin', 'Able to access all results forms', false, NULL, 'role.results.all', false, false) ON CONFLICT (id) DO UPDATE SET name = EXCLUDED.name, description = EXCLUDED.description, is_grouping_role = EXCLUDED.is_grouping_role, grouping_parent = EXCLUDED.grouping_parent, display_key = EXCLUDED.display_key, active = EXCLUDED.active, editable = EXCLUDED.editable;
INSERT INTO clinlims.system_role (id, name, description, is_grouping_role, grouping_parent, display_key, active, editable) VALUES (67, 'Identifying Information Edit', 'Able to edit already entered patients and sample primary IDs', false, NULL, 'role.edit.identifiers', false, false) ON CONFLICT (id) DO UPDATE SET name = EXCLUDED.name, description = EXCLUDED.description, is_grouping_role = EXCLUDED.is_grouping_role, grouping_parent = EXCLUDED.grouping_parent, display_key = EXCLUDED.display_key, active = EXCLUDED.active, editable = EXCLUDED.editable;
INSERT INTO clinlims.system_role (id, name, description, is_grouping_role, grouping_parent, display_key, active, editable) VALUES (69, 'Global Roles', 'Grouping Role for all Global Roles', true, NULL, 'global', true, false) ON CONFLICT (id) DO UPDATE SET name = EXCLUDED.name, description = EXCLUDED.description, is_grouping_role = EXCLUDED.is_grouping_role, grouping_parent = EXCLUDED.grouping_parent, display_key = EXCLUDED.display_key, active = EXCLUDED.active, editable = EXCLUDED.editable;
INSERT INTO clinlims.system_role (id, name, description, is_grouping_role, grouping_parent, display_key, active, editable) VALUES (70, 'Lab Unit Roles', 'Grouping Role for all Lab Unit Roles', true, NULL, 'lab.unit', true, false) ON CONFLICT (id) DO UPDATE SET name = EXCLUDED.name, description = EXCLUDED.description, is_grouping_role = EXCLUDED.is_grouping_role, grouping_parent = EXCLUDED.grouping_parent, display_key = EXCLUDED.display_key, active = EXCLUDED.active, editable = EXCLUDED.editable;
INSERT INTO clinlims.system_role (id, name, description, is_grouping_role, grouping_parent, display_key, active, editable) VALUES (71, 'Analyser Import', 'Acces to Analyser Results Page', false, 69, 'role.analyser', true, false) ON CONFLICT (id) DO UPDATE SET name = EXCLUDED.name, description = EXCLUDED.description, is_grouping_role = EXCLUDED.is_grouping_role, grouping_parent = EXCLUDED.grouping_parent, display_key = EXCLUDED.display_key, active = EXCLUDED.active, editable = EXCLUDED.editable;
INSERT INTO clinlims.system_role (id, name, description, is_grouping_role, grouping_parent, display_key, active, editable) VALUES (72, 'Pathologist', 'Access to Pathology Page', false, 69, 'role.pathologist', true, false) ON CONFLICT (id) DO UPDATE SET name = EXCLUDED.name, description = EXCLUDED.description, is_grouping_role = EXCLUDED.is_grouping_role, grouping_parent = EXCLUDED.grouping_parent, display_key = EXCLUDED.display_key, active = EXCLUDED.active, editable = EXCLUDED.editable;
INSERT INTO clinlims.system_role (id, name, description, is_grouping_role, grouping_parent, display_key, active, editable) VALUES (73, 'Cytopathologist', 'Access to Cytology Page', false, 69, 'role.Cytopathologist', true, false) ON CONFLICT (id) DO UPDATE SET name = EXCLUDED.name, description = EXCLUDED.description, is_grouping_role = EXCLUDED.is_grouping_role, grouping_parent = EXCLUDED.grouping_parent, display_key = EXCLUDED.display_key, active = EXCLUDED.active, editable = EXCLUDED.editable;
INSERT INTO clinlims.system_role (id, name, description, is_grouping_role, grouping_parent, display_key, active, editable) VALUES (74, 'Lab Staff', 'Grouping role for all laboratory staff', true, NULL, NULL, true, false) ON CONFLICT (id) DO UPDATE SET name = EXCLUDED.name, description = EXCLUDED.description, is_grouping_role = EXCLUDED.is_grouping_role, grouping_parent = EXCLUDED.grouping_parent, display_key = EXCLUDED.display_key, active = EXCLUDED.active, editable = EXCLUDED.editable;
INSERT INTO clinlims.system_role (id, name, description, is_grouping_role, grouping_parent, display_key, active, editable) VALUES (75, 'Lab Technician', 'Basic laboratory technician role', false, 74, NULL, true, true) ON CONFLICT (id) DO UPDATE SET name = EXCLUDED.name, description = EXCLUDED.description, is_grouping_role = EXCLUDED.is_grouping_role, grouping_parent = EXCLUDED.grouping_parent, display_key = EXCLUDED.display_key, active = EXCLUDED.active, editable = EXCLUDED.editable;
INSERT INTO clinlims.system_role (id, name, description, is_grouping_role, grouping_parent, display_key, active, editable) VALUES (76, 'Results Validator', 'Can validate and approve test results', false, 74, NULL, true, true) ON CONFLICT (id) DO UPDATE SET name = EXCLUDED.name, description = EXCLUDED.description, is_grouping_role = EXCLUDED.is_grouping_role, grouping_parent = EXCLUDED.grouping_parent, display_key = EXCLUDED.display_key, active = EXCLUDED.active, editable = EXCLUDED.editable;
INSERT INTO clinlims.system_role (id, name, description, is_grouping_role, grouping_parent, display_key, active, editable) VALUES (77, 'Sample Collector', 'Authorized to collect patient samples', false, 74, NULL, true, true) ON CONFLICT (id) DO UPDATE SET name = EXCLUDED.name, description = EXCLUDED.description, is_grouping_role = EXCLUDED.is_grouping_role, grouping_parent = EXCLUDED.grouping_parent, display_key = EXCLUDED.display_key, active = EXCLUDED.active, editable = EXCLUDED.editable;
INSERT INTO clinlims.system_role (id, name, description, is_grouping_role, grouping_parent, display_key, active, editable) VALUES (78, 'Lab Supervisor', 'Laboratory supervisor with extended permissions', false, 74, NULL, true, true) ON CONFLICT (id) DO UPDATE SET name = EXCLUDED.name, description = EXCLUDED.description, is_grouping_role = EXCLUDED.is_grouping_role, grouping_parent = EXCLUDED.grouping_parent, display_key = EXCLUDED.display_key, active = EXCLUDED.active, editable = EXCLUDED.editable;
INSERT INTO clinlims.system_role (id, name, description, is_grouping_role, grouping_parent, display_key, active, editable) VALUES (79, 'Quality Control Officer', 'Manages quality control and assurance', false, NULL, NULL, true, true) ON CONFLICT (id) DO UPDATE SET name = EXCLUDED.name, description = EXCLUDED.description, is_grouping_role = EXCLUDED.is_grouping_role, grouping_parent = EXCLUDED.grouping_parent, display_key = EXCLUDED.display_key, active = EXCLUDED.active, editable = EXCLUDED.editable;

-- System Modules
INSERT INTO clinlims.system_module (id, name, description, has_select_flag, has_add_flag, has_update_flag, has_delete_flag) VALUES (1, 'PanelItem', 'Master Lists => Panel Item => edit', 'Y', 'Y', 'Y', 'N') ON CONFLICT (id) DO UPDATE SET name = EXCLUDED.name, description = EXCLUDED.description;
INSERT INTO clinlims.system_module (id, name, description, has_select_flag, has_add_flag, has_update_flag, has_delete_flag) VALUES (2, 'DictionaryCategory', 'Master Lists => Dictionary Category => edit', 'Y', 'Y', 'Y', 'N') ON CONFLICT (id) DO UPDATE SET name = EXCLUDED.name, description = EXCLUDED.description;
INSERT INTO clinlims.system_module (id, name, description, has_select_flag, has_add_flag, has_update_flag, has_delete_flag) VALUES (3, 'Dictionary', 'Master Lists => Dictonary => edit', 'Y', 'Y', 'Y', 'N') ON CONFLICT (id) DO UPDATE SET name = EXCLUDED.name, description = EXCLUDED.description;
INSERT INTO clinlims.system_module (id, name, description, has_select_flag, has_add_flag, has_update_flag, has_delete_flag) VALUES (4, 'Gender', 'Master Lists => Gender => edit', 'Y', 'Y', 'Y', 'N') ON CONFLICT (id) DO UPDATE SET name = EXCLUDED.name, description = EXCLUDED.description;
INSERT INTO clinlims.system_module (id, name, description, has_select_flag, has_add_flag, has_update_flag, has_delete_flag) VALUES (5, 'LoginUser', 'Master Lists => Login User => Edit', 'Y', 'Y', 'Y', 'N') ON CONFLICT (id) DO UPDATE SET name = EXCLUDED.name, description = EXCLUDED.description;
INSERT INTO clinlims.system_module (id, name, description, has_select_flag, has_add_flag, has_update_flag, has_delete_flag) VALUES (6, 'Organization', 'Master Lists => Organization => edit', 'Y', 'Y', 'Y', 'N') ON CONFLICT (id) DO UPDATE SET name = EXCLUDED.name, description = EXCLUDED.description;
INSERT INTO clinlims.system_module (id, name, description, has_select_flag, has_add_flag, has_update_flag, has_delete_flag) VALUES (7, 'Panel', 'Master Lists => Panel', 'Y', 'Y', 'Y', 'Y') ON CONFLICT (id) DO UPDATE SET name = EXCLUDED.name, description = EXCLUDED.description;
INSERT INTO clinlims.system_module (id, name, description, has_select_flag, has_add_flag, has_update_flag, has_delete_flag) VALUES (8, 'PatientResults', 'Results->By Patient', 'N', 'N', 'N', 'N') ON CONFLICT (id) DO UPDATE SET name = EXCLUDED.name, description = EXCLUDED.description;
INSERT INTO clinlims.system_module (id, name, description, has_select_flag, has_add_flag, has_update_flag, has_delete_flag) VALUES (9, 'ResultLimits', 'Master Lists => ResultLimits => edit', 'Y', 'Y', 'Y', 'N') ON CONFLICT (id) DO UPDATE SET name = EXCLUDED.name, description = EXCLUDED.description;
INSERT INTO clinlims.system_module (id, name, description, has_select_flag, has_add_flag, has_update_flag, has_delete_flag) VALUES (10, 'Result', 'Master Lists => Result => edit', 'Y', 'Y', 'Y', 'N') ON CONFLICT (id) DO UPDATE SET name = EXCLUDED.name, description = EXCLUDED.description;
INSERT INTO clinlims.system_module (id, name, description, has_select_flag, has_add_flag, has_update_flag, has_delete_flag) VALUES (11, 'Role', 'Master Lists => Role => edit', 'Y', 'Y', 'Y', 'N') ON CONFLICT (id) DO UPDATE SET name = EXCLUDED.name, description = EXCLUDED.description;
INSERT INTO clinlims.system_module (id, name, description, has_select_flag, has_add_flag, has_update_flag, has_delete_flag) VALUES (12, 'StatusOfSample', 'Master Lists => StatusOfSample => edit', 'Y', 'Y', 'Y', 'N') ON CONFLICT (id) DO UPDATE SET name = EXCLUDED.name, description = EXCLUDED.description;
INSERT INTO clinlims.system_module (id, name, description, has_select_flag, has_add_flag, has_update_flag, has_delete_flag) VALUES (13, 'SystemModule', 'Master Lists => System Module', 'Y', 'Y', 'Y', 'N') ON CONFLICT (id) DO UPDATE SET name = EXCLUDED.name, description = EXCLUDED.description;
INSERT INTO clinlims.system_module (id, name, description, has_select_flag, has_add_flag, has_update_flag, has_delete_flag) VALUES (14, 'SystemUser', 'Master Lists => System User', 'Y', 'Y', 'Y', 'N') ON CONFLICT (id) DO UPDATE SET name = EXCLUDED.name, description = EXCLUDED.description;
INSERT INTO clinlims.system_module (id, name, description, has_select_flag, has_add_flag, has_update_flag, has_delete_flag) VALUES (15, 'Test', 'Master Lists => Test', 'Y', 'Y', 'Y', 'N') ON CONFLICT (id) DO UPDATE SET name = EXCLUDED.name, description = EXCLUDED.description;
INSERT INTO clinlims.system_module (id, name, description, has_select_flag, has_add_flag, has_update_flag, has_delete_flag) VALUES (16, 'SampleEntry', 'Sample->Sample Entry', 'N', 'N', 'N', 'N') ON CONFLICT (id) DO UPDATE SET name = EXCLUDED.name, description = EXCLUDED.description;
INSERT INTO clinlims.system_module (id, name, description, has_select_flag, has_add_flag, has_update_flag, has_delete_flag) VALUES (17, 'MasterList', 'Administration', 'N', 'N', 'N', 'N') ON CONFLICT (id) DO UPDATE SET name = EXCLUDED.name, description = EXCLUDED.description;
INSERT INTO clinlims.system_module (id, name, description, has_select_flag, has_add_flag, has_update_flag, has_delete_flag) VALUES (18, 'Inventory', 'Inventory', 'N', 'N', 'N', 'N') ON CONFLICT (id) DO UPDATE SET name = EXCLUDED.name, description = EXCLUDED.description;
INSERT INTO clinlims.system_module (id, name, description, has_select_flag, has_add_flag, has_update_flag, has_delete_flag) VALUES (19, 'LogbookResults:bacteriology', 'Results->By Logbook->Bacteria', 'N', 'N', 'N', 'N') ON CONFLICT (id) DO UPDATE SET name = EXCLUDED.name, description = EXCLUDED.description;
INSERT INTO clinlims.system_module (id, name, description, has_select_flag, has_add_flag, has_update_flag, has_delete_flag) VALUES (20, 'LogbookResults:chem', 'Results->By Logbook->Chem', 'N', 'N', 'N', 'N') ON CONFLICT (id) DO UPDATE SET name = EXCLUDED.name, description = EXCLUDED.description;
INSERT INTO clinlims.system_module (id, name, description, has_select_flag, has_add_flag, has_update_flag, has_delete_flag) VALUES (21, 'LogbookResults:ECBU', 'Results->By Logbook->ECBU', 'N', 'N', 'N', 'N') ON CONFLICT (id) DO UPDATE SET name = EXCLUDED.name, description = EXCLUDED.description;
INSERT INTO clinlims.system_module (id, name, description, has_select_flag, has_add_flag, has_update_flag, has_delete_flag) VALUES (22, 'LogbookResults:Hematology', 'LogbookResults=>Hematology', 'N', 'N', 'N', 'N') ON CONFLICT (id) DO UPDATE SET name = EXCLUDED.name, description = EXCLUDED.description;
INSERT INTO clinlims.system_module (id, name, description, has_select_flag, has_add_flag, has_update_flag, has_delete_flag) VALUES (23, 'LogbookResults:immuno', 'Results->By Logbook->Immuno', 'N', 'N', 'N', 'N') ON CONFLICT (id) DO UPDATE SET name = EXCLUDED.name, description = EXCLUDED.description;
INSERT INTO clinlims.system_module (id, name, description, has_select_flag, has_add_flag, has_update_flag, has_delete_flag) VALUES (24, 'LogbookResults:Parasitology', 'Results->By Logbook->Parasitology', 'N', 'N', 'N', 'N') ON CONFLICT (id) DO UPDATE SET name = EXCLUDED.name, description = EXCLUDED.description;
INSERT INTO clinlims.system_module (id, name, description, has_select_flag, has_add_flag, has_update_flag, has_delete_flag) VALUES (25, 'LogbookResults:HIV', 'Results->By Logbook->VCT', 'N', 'N', 'N', 'N') ON CONFLICT (id) DO UPDATE SET name = EXCLUDED.name, description = EXCLUDED.description;
INSERT INTO clinlims.system_module (id, name, description, has_select_flag, has_add_flag, has_update_flag, has_delete_flag) VALUES (26, 'StatusResults', 'Results->By Status', 'N', 'N', 'N', 'N') ON CONFLICT (id) DO UPDATE SET name = EXCLUDED.name, description = EXCLUDED.description;
INSERT INTO clinlims.system_module (id, name, description, has_select_flag, has_add_flag, has_update_flag, has_delete_flag) VALUES (27, 'ReportAdmin', 'Master Lists => OR Admin', 'Y', 'Y', 'Y', 'N') ON CONFLICT (id) DO UPDATE SET name = EXCLUDED.name, description = EXCLUDED.description;
INSERT INTO clinlims.system_module (id, name, description, has_select_flag, has_add_flag, has_update_flag, has_delete_flag) VALUES (28, 'ReportUserDetail', 'Reports', 'Y', 'Y', 'Y', 'N') ON CONFLICT (id) DO UPDATE SET name = EXCLUDED.name, description = EXCLUDED.description;
INSERT INTO clinlims.system_module (id, name, description, has_select_flag, has_add_flag, has_update_flag, has_delete_flag) VALUES (29, 'ReportUserOption', 'Reports', 'Y', 'Y', 'Y', 'N') ON CONFLICT (id) DO UPDATE SET name = EXCLUDED.name, description = EXCLUDED.description;
INSERT INTO clinlims.system_module (id, name, description, has_select_flag, has_add_flag, has_update_flag, has_delete_flag) VALUES (30, 'ReportUserRun', 'Reports', 'Y', 'Y', 'Y', 'N') ON CONFLICT (id) DO UPDATE SET name = EXCLUDED.name, description = EXCLUDED.description;
INSERT INTO clinlims.system_module (id, name, description, has_select_flag, has_add_flag, has_update_flag, has_delete_flag) VALUES (31, 'TypeOfTestResult', 'Master Lists => Type Of Test Result', 'Y', 'Y', 'Y', 'N') ON CONFLICT (id) DO UPDATE SET name = EXCLUDED.name, description = EXCLUDED.description;
INSERT INTO clinlims.system_module (id, name, description, has_select_flag, has_add_flag, has_update_flag, has_delete_flag) VALUES (32, 'SystemUserModule', 'Master Lists => System User Module', 'Y', 'Y', 'Y', 'N') ON CONFLICT (id) DO UPDATE SET name = EXCLUDED.name, description = EXCLUDED.description;
INSERT INTO clinlims.system_module (id, name, description, has_select_flag, has_add_flag, has_update_flag, has_delete_flag) VALUES (33, 'ResultsEntry', 'Result Management => Results Entry', 'Y', 'Y', 'Y', 'N') ON CONFLICT (id) DO UPDATE SET name = EXCLUDED.name, description = EXCLUDED.description;
INSERT INTO clinlims.system_module (id, name, description, has_select_flag, has_add_flag, has_update_flag, has_delete_flag) VALUES (34, 'TestSection', 'Master Lists => Test Section', 'Y', 'Y', 'Y', 'N') ON CONFLICT (id) DO UPDATE SET name = EXCLUDED.name, description = EXCLUDED.description;
INSERT INTO clinlims.system_module (id, name, description, has_select_flag, has_add_flag, has_update_flag, has_delete_flag) VALUES (35, 'TypeOfSample', 'Master Lists => Type Of Sample', 'Y', 'Y', 'Y', 'N') ON CONFLICT (id) DO UPDATE SET name = EXCLUDED.name, description = EXCLUDED.description;
INSERT INTO clinlims.system_module (id, name, description, has_select_flag, has_add_flag, has_update_flag, has_delete_flag) VALUES (36, 'UnitOfMeasure', 'Master Lists => Unit Of Measure', 'N', 'N', 'N', 'N') ON CONFLICT (id) DO UPDATE SET name = EXCLUDED.name, description = EXCLUDED.description;
INSERT INTO clinlims.system_module (id, name, description, has_select_flag, has_add_flag, has_update_flag, has_delete_flag) VALUES (40, 'UserRole', 'MasterList => UserRole', 'Y', 'Y', 'Y', 'Y') ON CONFLICT (id) DO UPDATE SET name = EXCLUDED.name, description = EXCLUDED.description;
INSERT INTO clinlims.system_module (id, name, description, has_select_flag, has_add_flag, has_update_flag, has_delete_flag) VALUES (41, 'PatientType', 'MasterList => PatientType', 'Y', 'Y', 'Y', 'Y') ON CONFLICT (id) DO UPDATE SET name = EXCLUDED.name, description = EXCLUDED.description;
INSERT INTO clinlims.system_module (id, name, description, has_select_flag, has_add_flag, has_update_flag, has_delete_flag) VALUES (42, 'TypeOfSamplePanel', 'MasterList => Associtate type of sample with panel', 'Y', 'Y', 'Y', 'Y') ON CONFLICT (id) DO UPDATE SET name = EXCLUDED.name, description = EXCLUDED.description;
INSERT INTO clinlims.system_module (id, name, description, has_select_flag, has_add_flag, has_update_flag, has_delete_flag) VALUES (43, 'TypeOfSampleTest', 'MasterList => Associtate type of sample with tests', 'Y', 'Y', 'Y', 'Y') ON CONFLICT (id) DO UPDATE SET name = EXCLUDED.name, description = EXCLUDED.description;
INSERT INTO clinlims.system_module (id, name, description, has_select_flag, has_add_flag, has_update_flag, has_delete_flag) VALUES (44, 'UnifiedSystemUser', 'MasterList->ManageUsers', 'Y', 'Y', 'Y', 'Y') ON CONFLICT (id) DO UPDATE SET name = EXCLUDED.name, description = EXCLUDED.description;
INSERT INTO clinlims.system_module (id, name, description, has_select_flag, has_add_flag, has_update_flag, has_delete_flag) VALUES (45, 'LogbookResults', 'Results=>logbook=>save', 'Y', 'Y', 'Y', 'Y') ON CONFLICT (id) DO UPDATE SET name = EXCLUDED.name, description = EXCLUDED.description;
INSERT INTO clinlims.system_module (id, name, description, has_select_flag, has_add_flag, has_update_flag, has_delete_flag) VALUES (46, 'SamplePatientEntry', 'Sample->SampleEntry', 'Y', 'Y', 'Y', 'Y') ON CONFLICT (id) DO UPDATE SET name = EXCLUDED.name, description = EXCLUDED.description;
INSERT INTO clinlims.system_module (id, name, description, has_select_flag, has_add_flag, has_update_flag, has_delete_flag) VALUES (47, 'SiteInformation', 'MasterList=>Site Information', 'Y', 'Y', 'Y', 'Y') ON CONFLICT (id) DO UPDATE SET name = EXCLUDED.name, description = EXCLUDED.description;
INSERT INTO clinlims.system_module (id, name, description, has_select_flag, has_add_flag, has_update_flag, has_delete_flag) VALUES (48, 'AnalyzerTestName', 'MasterList->Analyzer Test Name', 'Y', 'Y', 'Y', 'Y') ON CONFLICT (id) DO UPDATE SET name = EXCLUDED.name, description = EXCLUDED.description;
INSERT INTO clinlims.system_module (id, name, description, has_select_flag, has_add_flag, has_update_flag, has_delete_flag) VALUES (49, 'AnalyzerResults', 'Results->Analyzers', 'Y', 'Y', 'Y', 'Y') ON CONFLICT (id) DO UPDATE SET name = EXCLUDED.name, description = EXCLUDED.description;
INSERT INTO clinlims.system_module (id, name, description, has_select_flag, has_add_flag, has_update_flag, has_delete_flag) VALUES (51, 'SampleEntryByProject:initial', 'Sample=>CreateSample=>initial', 'Y', 'Y', 'Y', 'Y') ON CONFLICT (id) DO UPDATE SET name = EXCLUDED.name, description = EXCLUDED.description;
INSERT INTO clinlims.system_module (id, name, description, has_select_flag, has_add_flag, has_update_flag, has_delete_flag) VALUES (52, 'SampleEntryByProject:verify', 'Sample=>CreateSample=>verify', 'Y', 'Y', 'Y', 'Y') ON CONFLICT (id) DO UPDATE SET name = EXCLUDED.name, description = EXCLUDED.description;
INSERT INTO clinlims.system_module (id, name, description, has_select_flag, has_add_flag, has_update_flag, has_delete_flag) VALUES (53, 'SampleEditByProject:readwrite', 'Sample=>SampleEditByProject:readwrite', 'Y', 'Y', 'Y', 'Y') ON CONFLICT (id) DO UPDATE SET name = EXCLUDED.name, description = EXCLUDED.description;
INSERT INTO clinlims.system_module (id, name, description, has_select_flag, has_add_flag, has_update_flag, has_delete_flag) VALUES (54, 'SampleEditByProject:readonly', 'Sample=>SampleEditByProject:readonly', 'Y', 'Y', 'Y', 'Y') ON CONFLICT (id) DO UPDATE SET name = EXCLUDED.name, description = EXCLUDED.description;
INSERT INTO clinlims.system_module (id, name, description, has_select_flag, has_add_flag, has_update_flag, has_delete_flag) VALUES (55, 'PatientEntryByProject:initial', 'Patient=>Enter=>initial', 'Y', 'Y', 'Y', 'Y') ON CONFLICT (id) DO UPDATE SET name = EXCLUDED.name, description = EXCLUDED.description;
INSERT INTO clinlims.system_module (id, name, description, has_select_flag, has_add_flag, has_update_flag, has_delete_flag) VALUES (56, 'PatientEntryByProject:verify', 'Patient=>Enter=>verify', 'Y', 'Y', 'Y', 'Y') ON CONFLICT (id) DO UPDATE SET name = EXCLUDED.name, description = EXCLUDED.description;
INSERT INTO clinlims.system_module (id, name, description, has_select_flag, has_add_flag, has_update_flag, has_delete_flag) VALUES (60, 'LogbookResults:serology', 'Results=>Enter=>serology', 'Y', 'Y', 'Y', 'Y') ON CONFLICT (id) DO UPDATE SET name = EXCLUDED.name, description = EXCLUDED.description;
INSERT INTO clinlims.system_module (id, name, description, has_select_flag, has_add_flag, has_update_flag, has_delete_flag) VALUES (61, 'LogbookResults:Virologie', 'LogbookResults=>Enter=>Virologie', 'Y', 'Y', 'Y', 'Y') ON CONFLICT (id) DO UPDATE SET name = EXCLUDED.name, description = EXCLUDED.description;
INSERT INTO clinlims.system_module (id, name, description, has_select_flag, has_add_flag, has_update_flag, has_delete_flag) VALUES (63, 'AccessionResults', 'Results=>Search=>Lab No.', 'Y', 'Y', 'Y', 'Y') ON CONFLICT (id) DO UPDATE SET name = EXCLUDED.name, description = EXCLUDED.description;
INSERT INTO clinlims.system_module (id, name, description, has_select_flag, has_add_flag, has_update_flag, has_delete_flag) VALUES (65, 'AnalyzerResults:cobas_integra', 'Results=>Analyzer=>cobas_integra', 'Y', 'Y', 'Y', 'Y') ON CONFLICT (id) DO UPDATE SET name = EXCLUDED.name, description = EXCLUDED.description;
INSERT INTO clinlims.system_module (id, name, description, has_select_flag, has_add_flag, has_update_flag, has_delete_flag) VALUES (66, 'AnalyzerResults:sysmex', 'Results=>Analyzer=>sysmex', 'Y', 'Y', 'Y', 'Y') ON CONFLICT (id) DO UPDATE SET name = EXCLUDED.name, description = EXCLUDED.description;
INSERT INTO clinlims.system_module (id, name, description, has_select_flag, has_add_flag, has_update_flag, has_delete_flag) VALUES (67, 'AnalyzerResults:facscalibur', 'Results=>Analyzer=>facscalibur', 'Y', 'Y', 'Y', 'Y') ON CONFLICT (id) DO UPDATE SET name = EXCLUDED.name, description = EXCLUDED.description;
INSERT INTO clinlims.system_module (id, name, description, has_select_flag, has_add_flag, has_update_flag, has_delete_flag) VALUES (68, 'AnalyzerResults:evolis', 'Results=>Analyzer=>evolis', 'Y', 'Y', 'Y', 'Y') ON CONFLICT (id) DO UPDATE SET name = EXCLUDED.name, description = EXCLUDED.description;
INSERT INTO clinlims.system_module (id, name, description, has_select_flag, has_add_flag, has_update_flag, has_delete_flag) VALUES (69, 'Workplan:test', 'Workplan=>test', 'Y', 'Y', 'Y', 'Y') ON CONFLICT (id) DO UPDATE SET name = EXCLUDED.name, description = EXCLUDED.description;
INSERT INTO clinlims.system_module (id, name, description, has_select_flag, has_add_flag, has_update_flag, has_delete_flag) VALUES (70, 'Workplan:Serology', 'Workplan=>Serology', 'Y', 'Y', 'Y', 'Y') ON CONFLICT (id) DO UPDATE SET name = EXCLUDED.name, description = EXCLUDED.description;
INSERT INTO clinlims.system_module (id, name, description, has_select_flag, has_add_flag, has_update_flag, has_delete_flag) VALUES (71, 'Workplan:Immunology', 'Workplan=>Immunology', 'Y', 'Y', 'Y', 'Y') ON CONFLICT (id) DO UPDATE SET name = EXCLUDED.name, description = EXCLUDED.description;
INSERT INTO clinlims.system_module (id, name, description, has_select_flag, has_add_flag, has_update_flag, has_delete_flag) VALUES (72, 'Workplan:Hematology', 'Workplan=>Hematology', 'Y', 'Y', 'Y', 'Y') ON CONFLICT (id) DO UPDATE SET name = EXCLUDED.name, description = EXCLUDED.description;
INSERT INTO clinlims.system_module (id, name, description, has_select_flag, has_add_flag, has_update_flag, has_delete_flag) VALUES (73, 'Workplan:Biochemistry', 'Workplan=>Biochemistry', 'Y', 'Y', 'Y', 'Y') ON CONFLICT (id) DO UPDATE SET name = EXCLUDED.name, description = EXCLUDED.description;
INSERT INTO clinlims.system_module (id, name, description, has_select_flag, has_add_flag, has_update_flag, has_delete_flag) VALUES (74, 'Workplan:Virologie', 'Workplan=>Virologie', 'Y', 'Y', 'Y', 'Y') ON CONFLICT (id) DO UPDATE SET name = EXCLUDED.name, description = EXCLUDED.description;
INSERT INTO clinlims.system_module (id, name, description, has_select_flag, has_add_flag, has_update_flag, has_delete_flag) VALUES (84, 'TestResult', 'Admin=>TestResult', 'Y', 'Y', 'Y', 'Y') ON CONFLICT (id) DO UPDATE SET name = EXCLUDED.name, description = EXCLUDED.description;
INSERT INTO clinlims.system_module (id, name, description, has_select_flag, has_add_flag, has_update_flag, has_delete_flag) VALUES (86, 'TestReflex', 'Admin=>TestReflex', 'Y', 'Y', 'Y', 'Y') ON CONFLICT (id) DO UPDATE SET name = EXCLUDED.name, description = EXCLUDED.description;
INSERT INTO clinlims.system_module (id, name, description, has_select_flag, has_add_flag, has_update_flag, has_delete_flag) VALUES (87, 'TestAnalyte', 'Admin=>TestAnalyte', 'Y', 'Y', 'Y', 'Y') ON CONFLICT (id) DO UPDATE SET name = EXCLUDED.name, description = EXCLUDED.description;
INSERT INTO clinlims.system_module (id, name, description, has_select_flag, has_add_flag, has_update_flag, has_delete_flag) VALUES (97, 'Method', 'Admin=>Method', 'Y', 'Y', 'Y', 'Y') ON CONFLICT (id) DO UPDATE SET name = EXCLUDED.name, description = EXCLUDED.description;
INSERT INTO clinlims.system_module (id, name, description, has_select_flag, has_add_flag, has_update_flag, has_delete_flag) VALUES (101, 'Analyte', 'Admin=>Analyte', 'Y', 'Y', 'Y', 'Y') ON CONFLICT (id) DO UPDATE SET name = EXCLUDED.name, description = EXCLUDED.description;
INSERT INTO clinlims.system_module (id, name, description, has_select_flag, has_add_flag, has_update_flag, has_delete_flag) VALUES (106, 'SampleEdit', 'Sample=>edit', 'Y', 'Y', 'Y', 'Y') ON CONFLICT (id) DO UPDATE SET name = EXCLUDED.name, description = EXCLUDED.description;
INSERT INTO clinlims.system_module (id, name, description, has_select_flag, has_add_flag, has_update_flag, has_delete_flag) VALUES (107, 'NonConformity', 'NonConformity', 'Y', 'Y', 'Y', 'Y') ON CONFLICT (id) DO UPDATE SET name = EXCLUDED.name, description = EXCLUDED.description;
INSERT INTO clinlims.system_module (id, name, description, has_select_flag, has_add_flag, has_update_flag, has_delete_flag) VALUES (108, 'Report:patient', 'Patient reports', 'Y', 'Y', 'Y', 'Y') ON CONFLICT (id) DO UPDATE SET name = EXCLUDED.name, description = EXCLUDED.description;
INSERT INTO clinlims.system_module (id, name, description, has_select_flag, has_add_flag, has_update_flag, has_delete_flag) VALUES (109, 'Report:summary', 'Lab summary reports', 'Y', 'Y', 'Y', 'Y') ON CONFLICT (id) DO UPDATE SET name = EXCLUDED.name, description = EXCLUDED.description;
INSERT INTO clinlims.system_module (id, name, description, has_select_flag, has_add_flag, has_update_flag, has_delete_flag) VALUES (110, 'Report:indicator', 'Lab quality indicator reports', 'Y', 'Y', 'Y', 'Y') ON CONFLICT (id) DO UPDATE SET name = EXCLUDED.name, description = EXCLUDED.description;
INSERT INTO clinlims.system_module (id, name, description, has_select_flag, has_add_flag, has_update_flag, has_delete_flag) VALUES (111, 'ResultValidation:serology', 'Validation=>serology', 'Y', 'Y', 'Y', 'Y') ON CONFLICT (id) DO UPDATE SET name = EXCLUDED.name, description = EXCLUDED.description;
INSERT INTO clinlims.system_module (id, name, description, has_select_flag, has_add_flag, has_update_flag, has_delete_flag) VALUES (112, 'ResultValidation:Immunology', 'ResultValidation=>Immunology', 'Y', 'Y', 'Y', 'Y') ON CONFLICT (id) DO UPDATE SET name = EXCLUDED.name, description = EXCLUDED.description;
INSERT INTO clinlims.system_module (id, name, description, has_select_flag, has_add_flag, has_update_flag, has_delete_flag) VALUES (113, 'ResultValidation:Hematology', 'ResultValidation=>Hematology', 'Y', 'Y', 'Y', 'Y') ON CONFLICT (id) DO UPDATE SET name = EXCLUDED.name, description = EXCLUDED.description;
INSERT INTO clinlims.system_module (id, name, description, has_select_flag, has_add_flag, has_update_flag, has_delete_flag) VALUES (114, 'ResultValidation:Biochemistry', 'ResultValidation=>Biochemistry', 'Y', 'Y', 'Y', 'Y') ON CONFLICT (id) DO UPDATE SET name = EXCLUDED.name, description = EXCLUDED.description;
INSERT INTO clinlims.system_module (id, name, description, has_select_flag, has_add_flag, has_update_flag, has_delete_flag) VALUES (115, 'ResultValidation:virology', 'Validation=>virology', 'Y', 'Y', 'Y', 'Y') ON CONFLICT (id) DO UPDATE SET name = EXCLUDED.name, description = EXCLUDED.description;
INSERT INTO clinlims.system_module (id, name, description, has_select_flag, has_add_flag, has_update_flag, has_delete_flag) VALUES (116, 'PatientEditByProject:readwrite', 'Patient=>PatientEdit', 'Y', 'Y', 'Y', 'Y') ON CONFLICT (id) DO UPDATE SET name = EXCLUDED.name, description = EXCLUDED.description;
INSERT INTO clinlims.system_module (id, name, description, has_select_flag, has_add_flag, has_update_flag, has_delete_flag) VALUES (117, 'PatientEditByProject:readonly', 'Patient=>PatientConsult', 'Y', 'Y', 'Y', 'Y') ON CONFLICT (id) DO UPDATE SET name = EXCLUDED.name, description = EXCLUDED.description;
INSERT INTO clinlims.system_module (id, name, description, has_select_flag, has_add_flag, has_update_flag, has_delete_flag) VALUES (118, 'SampleEdit:readwrite', 'Sample -> edit', 'Y', 'Y', 'Y', 'Y') ON CONFLICT (id) DO UPDATE SET name = EXCLUDED.name, description = EXCLUDED.description;
INSERT INTO clinlims.system_module (id, name, description, has_select_flag, has_add_flag, has_update_flag, has_delete_flag) VALUES (123, 'SampleEdit:readonly', 'Sample=>SampleConsult', 'Y', 'Y', 'Y', 'Y') ON CONFLICT (id) DO UPDATE SET name = EXCLUDED.name, description = EXCLUDED.description;
INSERT INTO clinlims.system_module (id, name, description, has_select_flag, has_add_flag, has_update_flag, has_delete_flag) VALUES (173, 'ReportUserDetail:patientARV2', 'Report=>patient=>ARV follow-up Save', 'Y', 'Y', 'Y', 'Y') ON CONFLICT (id) DO UPDATE SET name = EXCLUDED.name, description = EXCLUDED.description;
INSERT INTO clinlims.system_module (id, name, description, has_select_flag, has_add_flag, has_update_flag, has_delete_flag) VALUES (174, 'ReportUserDetail:patientEID', 'Report=>patient=>EID', 'Y', 'Y', 'Y', 'Y') ON CONFLICT (id) DO UPDATE SET name = EXCLUDED.name, description = EXCLUDED.description;
INSERT INTO clinlims.system_module (id, name, description, has_select_flag, has_add_flag, has_update_flag, has_delete_flag) VALUES (185, 'ReferredOutTests', 'Results=>Referrals', 'Y', 'Y', 'Y', 'Y') ON CONFLICT (id) DO UPDATE SET name = EXCLUDED.name, description = EXCLUDED.description;
INSERT INTO clinlims.system_module (id, name, description, has_select_flag, has_add_flag, has_update_flag, has_delete_flag) VALUES (253, 'SampleConfirmationEntry', 'Sample=>sample confirmation', 'Y', 'Y', 'Y', 'Y') ON CONFLICT (id) DO UPDATE SET name = EXCLUDED.name, description = EXCLUDED.description;
INSERT INTO clinlims.system_module (id, name, description, has_select_flag, has_add_flag, has_update_flag, has_delete_flag) VALUES (322, 'LogbookResults:mycobacteriology', 'Results=>logbooks=>mycobacteriology', 'Y', 'Y', 'Y', 'Y') ON CONFLICT (id) DO UPDATE SET name = EXCLUDED.name, description = EXCLUDED.description;
INSERT INTO clinlims.system_module (id, name, description, has_select_flag, has_add_flag, has_update_flag, has_delete_flag) VALUES (341, 'AnalyzerResults:facscanto', 'Results=>Analyzer=>facscanto', 'Y', 'Y', 'Y', 'Y') ON CONFLICT (id) DO UPDATE SET name = EXCLUDED.name, description = EXCLUDED.description;
INSERT INTO clinlims.system_module (id, name, description, has_select_flag, has_add_flag, has_update_flag, has_delete_flag) VALUES (393, 'LogbookResults:mycrobacteriology', 'Results=>logbooks=>mycrobacteriology', 'Y', 'Y', 'Y', 'Y') ON CONFLICT (id) DO UPDATE SET name = EXCLUDED.name, description = EXCLUDED.description;
INSERT INTO clinlims.system_module (id, name, description, has_select_flag, has_add_flag, has_update_flag, has_delete_flag) VALUES (394, 'LogbookResults:cytobacteriology', 'Results=>logbooks=>cytobacteriology', 'Y', 'Y', 'Y', 'Y') ON CONFLICT (id) DO UPDATE SET name = EXCLUDED.name, description = EXCLUDED.description;
INSERT INTO clinlims.system_module (id, name, description, has_select_flag, has_add_flag, has_update_flag, has_delete_flag) VALUES (395, 'LogbookResults:Molecular Biology', 'LogbookResults=>Molecular Biology', 'Y', 'Y', 'Y', 'Y') ON CONFLICT (id) DO UPDATE SET name = EXCLUDED.name, description = EXCLUDED.description;
INSERT INTO clinlims.system_module (id, name, description, has_select_flag, has_add_flag, has_update_flag, has_delete_flag) VALUES (396, 'LogbookResults:liquidBio', 'Results=>logbooks=>liquidBio', 'Y', 'Y', 'Y', 'Y') ON CONFLICT (id) DO UPDATE SET name = EXCLUDED.name, description = EXCLUDED.description;
INSERT INTO clinlims.system_module (id, name, description, has_select_flag, has_add_flag, has_update_flag, has_delete_flag) VALUES (397, 'LogbookResults:endocrin', 'Results=>logbooks=>endocrin', 'Y', 'Y', 'Y', 'Y') ON CONFLICT (id) DO UPDATE SET name = EXCLUDED.name, description = EXCLUDED.description;
INSERT INTO clinlims.system_module (id, name, description, has_select_flag, has_add_flag, has_update_flag, has_delete_flag) VALUES (424, 'Workplan:chem', 'Workplan=>chem', 'Y', 'Y', 'Y', 'Y') ON CONFLICT (id) DO UPDATE SET name = EXCLUDED.name, description = EXCLUDED.description;
INSERT INTO clinlims.system_module (id, name, description, has_select_flag, has_add_flag, has_update_flag, has_delete_flag) VALUES (425, 'Workplan:cytobacteriology', 'Workplan=>cytobacteriology', 'Y', 'Y', 'Y', 'Y') ON CONFLICT (id) DO UPDATE SET name = EXCLUDED.name, description = EXCLUDED.description;
INSERT INTO clinlims.system_module (id, name, description, has_select_flag, has_add_flag, has_update_flag, has_delete_flag) VALUES (426, 'Workplan:ECBU', 'Workplan=>ECBU', 'Y', 'Y', 'Y', 'Y') ON CONFLICT (id) DO UPDATE SET name = EXCLUDED.name, description = EXCLUDED.description;
INSERT INTO clinlims.system_module (id, name, description, has_select_flag, has_add_flag, has_update_flag, has_delete_flag) VALUES (427, 'Workplan:Parasitology', 'Workplan=>Parasitology', 'Y', 'Y', 'Y', 'Y') ON CONFLICT (id) DO UPDATE SET name = EXCLUDED.name, description = EXCLUDED.description;
INSERT INTO clinlims.system_module (id, name, description, has_select_flag, has_add_flag, has_update_flag, has_delete_flag) VALUES (428, 'Workplan:immuno', 'Workplan=>immuno', 'Y', 'Y', 'Y', 'Y') ON CONFLICT (id) DO UPDATE SET name = EXCLUDED.name, description = EXCLUDED.description;
INSERT INTO clinlims.system_module (id, name, description, has_select_flag, has_add_flag, has_update_flag, has_delete_flag) VALUES (429, 'Workplan:HIV', 'Workplan=>HIV', 'Y', 'Y', 'Y', 'Y') ON CONFLICT (id) DO UPDATE SET name = EXCLUDED.name, description = EXCLUDED.description;
INSERT INTO clinlims.system_module (id, name, description, has_select_flag, has_add_flag, has_update_flag, has_delete_flag) VALUES (430, 'Workplan:Molecular Biology', 'Workplan=>Molecular Biology', 'Y', 'Y', 'Y', 'Y') ON CONFLICT (id) DO UPDATE SET name = EXCLUDED.name, description = EXCLUDED.description;
INSERT INTO clinlims.system_module (id, name, description, has_select_flag, has_add_flag, has_update_flag, has_delete_flag) VALUES (431, 'Workplan:liquidBio', 'Workplan=>liquidBio', 'Y', 'Y', 'Y', 'Y') ON CONFLICT (id) DO UPDATE SET name = EXCLUDED.name, description = EXCLUDED.description;
INSERT INTO clinlims.system_module (id, name, description, has_select_flag, has_add_flag, has_update_flag, has_delete_flag) VALUES (432, 'Workplan:mycrobacteriology', 'Workplan=>mycrobacteriology', 'Y', 'Y', 'Y', 'Y') ON CONFLICT (id) DO UPDATE SET name = EXCLUDED.name, description = EXCLUDED.description;
INSERT INTO clinlims.system_module (id, name, description, has_select_flag, has_add_flag, has_update_flag, has_delete_flag) VALUES (433, 'Workplan:endocrin', 'Workplan=>endocrin', 'Y', 'Y', 'Y', 'Y') ON CONFLICT (id) DO UPDATE SET name = EXCLUDED.name, description = EXCLUDED.description;
INSERT INTO clinlims.system_module (id, name, description, has_select_flag, has_add_flag, has_update_flag, has_delete_flag) VALUES (434, 'Workplan:serologie', 'Workplan=>serologie', 'Y', 'Y', 'Y', 'Y') ON CONFLICT (id) DO UPDATE SET name = EXCLUDED.name, description = EXCLUDED.description;
INSERT INTO clinlims.system_module (id, name, description, has_select_flag, has_add_flag, has_update_flag, has_delete_flag) VALUES (507, 'Workplan:bacteriology', 'Workplan=>bacteriology', 'Y', 'Y', 'Y', 'Y') ON CONFLICT (id) DO UPDATE SET name = EXCLUDED.name, description = EXCLUDED.description;
INSERT INTO clinlims.system_module (id, name, description, has_select_flag, has_add_flag, has_update_flag, has_delete_flag) VALUES (561, 'Workplan:panel', 'Workplan=>panel', 'Y', 'Y', 'Y', 'Y') ON CONFLICT (id) DO UPDATE SET name = EXCLUDED.name, description = EXCLUDED.description;
INSERT INTO clinlims.system_module (id, name, description, has_select_flag, has_add_flag, has_update_flag, has_delete_flag) VALUES (644, 'Workplan:mycology', 'Workplan=>mycology', 'Y', 'Y', 'Y', 'Y') ON CONFLICT (id) DO UPDATE SET name = EXCLUDED.name, description = EXCLUDED.description;
INSERT INTO clinlims.system_module (id, name, description, has_select_flag, has_add_flag, has_update_flag, has_delete_flag) VALUES (645, 'LogbookResults:mycology', 'LogbookResults=>mycology', 'Y', 'Y', 'Y', 'Y') ON CONFLICT (id) DO UPDATE SET name = EXCLUDED.name, description = EXCLUDED.description;
INSERT INTO clinlims.system_module (id, name, description, has_select_flag, has_add_flag, has_update_flag, has_delete_flag) VALUES (657, 'LogbookResults:serologie', 'Results=>Enter=>serologie', 'Y', 'Y', 'Y', 'Y') ON CONFLICT (id) DO UPDATE SET name = EXCLUDED.name, description = EXCLUDED.description;
INSERT INTO clinlims.system_module (id, name, description, has_select_flag, has_add_flag, has_update_flag, has_delete_flag) VALUES (816, 'Workplan:hemato-immunology', 'workplan=>units=>hemato-immunology', 'Y', 'Y', 'Y', 'Y') ON CONFLICT (id) DO UPDATE SET name = EXCLUDED.name, description = EXCLUDED.description;
INSERT INTO clinlims.system_module (id, name, description, has_select_flag, has_add_flag, has_update_flag, has_delete_flag) VALUES (1100, 'Access.sample.accessionNo.edit', 'Sample->SampleEntryByProject edit sample number', 'Y', 'Y', 'Y', 'Y') ON CONFLICT (id) DO UPDATE SET name = EXCLUDED.name, description = EXCLUDED.description;
INSERT INTO clinlims.system_module (id, name, description, has_select_flag, has_add_flag, has_update_flag, has_delete_flag) VALUES (1101, 'Access.patient.subjectNos.edit', 'Patient->PatientEntryByProject edit subject numbers', 'Y', 'Y', 'Y', 'Y') ON CONFLICT (id) DO UPDATE SET name = EXCLUDED.name, description = EXCLUDED.description;
INSERT INTO clinlims.system_module (id, name, description, has_select_flag, has_add_flag, has_update_flag, has_delete_flag) VALUES (1178, 'LogbookResults:Serology-Immunology', 'LogbookResults=>Serology-Immunology', 'Y', 'Y', 'Y', 'Y') ON CONFLICT (id) DO UPDATE SET name = EXCLUDED.name, description = EXCLUDED.description;
INSERT INTO clinlims.system_module (id, name, description, has_select_flag, has_add_flag, has_update_flag, has_delete_flag) VALUES (1179, 'LogbookResults:Immunology', 'LogbookResults=>Immunology', 'Y', 'Y', 'Y', 'Y') ON CONFLICT (id) DO UPDATE SET name = EXCLUDED.name, description = EXCLUDED.description;
INSERT INTO clinlims.system_module (id, name, description, has_select_flag, has_add_flag, has_update_flag, has_delete_flag) VALUES (1180, 'LogbookResults:hemato-immunology', 'LogbookResults=>hemato-immunology', 'Y', 'Y', 'Y', 'Y') ON CONFLICT (id) DO UPDATE SET name = EXCLUDED.name, description = EXCLUDED.description;
INSERT INTO clinlims.system_module (id, name, description, has_select_flag, has_add_flag, has_update_flag, has_delete_flag) VALUES (1181, 'LogbookResults:Biochemistry', 'LogbookResults=>Biochemistry', 'Y', 'Y', 'Y', 'Y') ON CONFLICT (id) DO UPDATE SET name = EXCLUDED.name, description = EXCLUDED.description;
INSERT INTO clinlims.system_module (id, name, description, has_select_flag, has_add_flag, has_update_flag, has_delete_flag) VALUES (1183, 'Workplan:Serology-Immunology', 'Workplan=>Serology-Immunology', 'Y', 'Y', 'Y', 'Y') ON CONFLICT (id) DO UPDATE SET name = EXCLUDED.name, description = EXCLUDED.description;
INSERT INTO clinlims.system_module (id, name, description, has_select_flag, has_add_flag, has_update_flag, has_delete_flag) VALUES (1184, 'ResultValidation:Hemto-Immunology', 'validation=>units=>Hemato-Immunity', 'Y', 'Y', 'Y', 'Y') ON CONFLICT (id) DO UPDATE SET name = EXCLUDED.name, description = EXCLUDED.description;
INSERT INTO clinlims.system_module (id, name, description, has_select_flag, has_add_flag, has_update_flag, has_delete_flag) VALUES (1186, 'ResultValidation:Serology-Immunology', 'ResultValidation=>Serology-Immunology', 'Y', 'Y', 'Y', 'Y') ON CONFLICT (id) DO UPDATE SET name = EXCLUDED.name, description = EXCLUDED.description;
INSERT INTO clinlims.system_module (id, name, description, has_select_flag, has_add_flag, has_update_flag, has_delete_flag) VALUES (1281, 'PatientDataOnResults', 'Able to view patient data when looking at results', 'Y', 'Y', 'Y', 'Y') ON CONFLICT (id) DO UPDATE SET name = EXCLUDED.name, description = EXCLUDED.description;
INSERT INTO clinlims.system_module (id, name, description, has_select_flag, has_add_flag, has_update_flag, has_delete_flag) VALUES (1376, 'ResultValidation', 'validation return', 'Y', 'Y', 'Y', 'Y') ON CONFLICT (id) DO UPDATE SET name = EXCLUDED.name, description = EXCLUDED.description;
INSERT INTO clinlims.system_module (id, name, description, has_select_flag, has_add_flag, has_update_flag, has_delete_flag) VALUES (1378, 'AuditTrailView', 'Report=>view audit log', 'Y', 'Y', 'Y', 'Y') ON CONFLICT (id) DO UPDATE SET name = EXCLUDED.name, description = EXCLUDED.description;
INSERT INTO clinlims.system_module (id, name, description, has_select_flag, has_add_flag, has_update_flag, has_delete_flag) VALUES (1379, 'AnalyzerResults:cobasDBS', 'Result=>analyzers=>CobasTaqmanDBS', 'Y', 'Y', 'Y', 'Y') ON CONFLICT (id) DO UPDATE SET name = EXCLUDED.name, description = EXCLUDED.description;
INSERT INTO clinlims.system_module (id, name, description, has_select_flag, has_add_flag, has_update_flag, has_delete_flag) VALUES (1380, 'ResultValidation:Molecular Biology', 'ResultValidation=>Molecular Biology', 'Y', 'Y', 'Y', 'Y') ON CONFLICT (id) DO UPDATE SET name = EXCLUDED.name, description = EXCLUDED.description;
INSERT INTO clinlims.system_module (id, name, description, has_select_flag, has_add_flag, has_update_flag, has_delete_flag) VALUES (1381, 'ResultValidation:Cytobacteriologie', 'ResultValidation=>Cytobacteriologie', 'Y', 'Y', 'Y', 'Y') ON CONFLICT (id) DO UPDATE SET name = EXCLUDED.name, description = EXCLUDED.description;
INSERT INTO clinlims.system_module (id, name, description, has_select_flag, has_add_flag, has_update_flag, has_delete_flag) VALUES (1382, 'ResultValidation:ECBU', 'ResultValidation=>ECBU', 'Y', 'Y', 'Y', 'Y') ON CONFLICT (id) DO UPDATE SET name = EXCLUDED.name, description = EXCLUDED.description;
INSERT INTO clinlims.system_module (id, name, description, has_select_flag, has_add_flag, has_update_flag, has_delete_flag) VALUES (1383, 'ResultValidation:Parasitology', 'ResultValidation=>Parasitology', 'Y', 'Y', 'Y', 'Y') ON CONFLICT (id) DO UPDATE SET name = EXCLUDED.name, description = EXCLUDED.description;
INSERT INTO clinlims.system_module (id, name, description, has_select_flag, has_add_flag, has_update_flag, has_delete_flag) VALUES (1384, 'ResultValidation:Liquides biologique', 'ResultValidation=>Liquides biologique', 'Y', 'Y', 'Y', 'Y') ON CONFLICT (id) DO UPDATE SET name = EXCLUDED.name, description = EXCLUDED.description;
INSERT INTO clinlims.system_module (id, name, description, has_select_flag, has_add_flag, has_update_flag, has_delete_flag) VALUES (1385, 'ResultValidation:Mycobacteriology', 'ResultValidation=>Mycobacteriology', 'Y', 'Y', 'Y', 'Y') ON CONFLICT (id) DO UPDATE SET name = EXCLUDED.name, description = EXCLUDED.description;
INSERT INTO clinlims.system_module (id, name, description, has_select_flag, has_add_flag, has_update_flag, has_delete_flag) VALUES (1386, 'ResultValidation:Endocrinologie', 'ResultValidation=>Endocrinologie', 'Y', 'Y', 'Y', 'Y') ON CONFLICT (id) DO UPDATE SET name = EXCLUDED.name, description = EXCLUDED.description;
INSERT INTO clinlims.system_module (id, name, description, has_select_flag, has_add_flag, has_update_flag, has_delete_flag) VALUES (1387, 'ResultValidation:Serologie', 'ResultValidation=>Serologie', 'Y', 'Y', 'Y', 'Y') ON CONFLICT (id) DO UPDATE SET name = EXCLUDED.name, description = EXCLUDED.description;
INSERT INTO clinlims.system_module (id, name, description, has_select_flag, has_add_flag, has_update_flag, has_delete_flag) VALUES (1388, 'ResultValidation:VCT', 'ResultValidation=>VCT', 'Y', 'Y', 'Y', 'Y') ON CONFLICT (id) DO UPDATE SET name = EXCLUDED.name, description = EXCLUDED.description;
INSERT INTO clinlims.system_module (id, name, description, has_select_flag, has_add_flag, has_update_flag, has_delete_flag) VALUES (1389, 'ResultValidation:Virologie', 'ResultValidation=>Virologie', 'Y', 'Y', 'Y', 'Y') ON CONFLICT (id) DO UPDATE SET name = EXCLUDED.name, description = EXCLUDED.description;
INSERT INTO clinlims.system_module (id, name, description, has_select_flag, has_add_flag, has_update_flag, has_delete_flag) VALUES (1390, 'ResultValidation:Bacteria', 'ResultValidation=>Bacteria', 'Y', 'Y', 'Y', 'Y') ON CONFLICT (id) DO UPDATE SET name = EXCLUDED.name, description = EXCLUDED.description;
INSERT INTO clinlims.system_module (id, name, description, has_select_flag, has_add_flag, has_update_flag, has_delete_flag) VALUES (1391, 'ResultValidation:mycology', 'ResultValidation=>mycology', 'Y', 'Y', 'Y', 'Y') ON CONFLICT (id) DO UPDATE SET name = EXCLUDED.name, description = EXCLUDED.description;
INSERT INTO clinlims.system_module (id, name, description, has_select_flag, has_add_flag, has_update_flag, has_delete_flag) VALUES (1392, 'AnalyzerResults:cobasc311', 'AnalyzerResults=>cobasc311', 'Y', 'Y', 'Y', 'Y') ON CONFLICT (id) DO UPDATE SET name = EXCLUDED.name, description = EXCLUDED.description;
INSERT INTO clinlims.system_module (id, name, description, has_select_flag, has_add_flag, has_update_flag, has_delete_flag) VALUES (1393, 'SampleEntryConfig', 'Admin=>Sample entry config', 'Y', 'Y', 'Y', 'Y') ON CONFLICT (id) DO UPDATE SET name = EXCLUDED.name, description = EXCLUDED.description;
INSERT INTO clinlims.system_module (id, name, description, has_select_flag, has_add_flag, has_update_flag, has_delete_flag) VALUES (1394, 'WorkplanConfiguration', 'Admin=>Workplan configuration', 'Y', 'Y', 'Y', 'Y') ON CONFLICT (id) DO UPDATE SET name = EXCLUDED.name, description = EXCLUDED.description;
INSERT INTO clinlims.system_module (id, name, description, has_select_flag, has_add_flag, has_update_flag, has_delete_flag) VALUES (1395, 'TestManagementConfig', 'Admin=>test config', 'Y', 'Y', 'Y', 'Y') ON CONFLICT (id) DO UPDATE SET name = EXCLUDED.name, description = EXCLUDED.description;
INSERT INTO clinlims.system_module (id, name, description, has_select_flag, has_add_flag, has_update_flag, has_delete_flag) VALUES (1396, 'TestRenameEntry', 'Admin=>test config=>test rename', 'Y', 'Y', 'Y', 'Y') ON CONFLICT (id) DO UPDATE SET name = EXCLUDED.name, description = EXCLUDED.description;
INSERT INTO clinlims.system_module (id, name, description, has_select_flag, has_add_flag, has_update_flag, has_delete_flag) VALUES (1397, 'PatientConfiguration', 'Admin=>patient config', 'Y', 'Y', 'Y', 'Y') ON CONFLICT (id) DO UPDATE SET name = EXCLUDED.name, description = EXCLUDED.description;
INSERT INTO clinlims.system_module (id, name, description, has_select_flag, has_add_flag, has_update_flag, has_delete_flag) VALUES (1398, 'ResultConfiguration', 'Admin=>Result config', 'Y', 'Y', 'Y', 'Y') ON CONFLICT (id) DO UPDATE SET name = EXCLUDED.name, description = EXCLUDED.description;
INSERT INTO clinlims.system_module (id, name, description, has_select_flag, has_add_flag, has_update_flag, has_delete_flag) VALUES (1399, 'PrintedReportsConfiguration', 'Admin=>printed reports config', 'Y', 'Y', 'Y', 'Y') ON CONFLICT (id) DO UPDATE SET name = EXCLUDED.name, description = EXCLUDED.description;
INSERT INTO clinlims.system_module (id, name, description, has_select_flag, has_add_flag, has_update_flag, has_delete_flag) VALUES (1400, 'NonConformityConfiguration', 'Admin=>non-conformity config', 'Y', 'Y', 'Y', 'Y') ON CONFLICT (id) DO UPDATE SET name = EXCLUDED.name, description = EXCLUDED.description;
INSERT INTO clinlims.system_module (id, name, description, has_select_flag, has_add_flag, has_update_flag, has_delete_flag) VALUES (1401, 'TestActivation', 'Admin=>test mang=>activate', 'Y', 'Y', 'Y', 'Y') ON CONFLICT (id) DO UPDATE SET name = EXCLUDED.name, description = EXCLUDED.description;
INSERT INTO clinlims.system_module (id, name, description, has_select_flag, has_add_flag, has_update_flag, has_delete_flag) VALUES (1402, 'Workplan', 'Workplan=>Enter', 'Y', 'Y', 'Y', 'Y') ON CONFLICT (id) DO UPDATE SET name = EXCLUDED.name, description = EXCLUDED.description;
INSERT INTO clinlims.system_module (id, name, description, has_select_flag, has_add_flag, has_update_flag, has_delete_flag) VALUES (1404, 'PanelRenameEntry', 'Admin=>test mang=>panel rename', 'Y', 'Y', 'Y', 'Y') ON CONFLICT (id) DO UPDATE SET name = EXCLUDED.name, description = EXCLUDED.description;
INSERT INTO clinlims.system_module (id, name, description, has_select_flag, has_add_flag, has_update_flag, has_delete_flag) VALUES (1405, 'TestOrderability', 'Admin=>test mang=>Test Orderability', 'Y', 'Y', 'Y', 'Y') ON CONFLICT (id) DO UPDATE SET name = EXCLUDED.name, description = EXCLUDED.description;
INSERT INTO clinlims.system_module (id, name, description, has_select_flag, has_add_flag, has_update_flag, has_delete_flag) VALUES (1406, 'TestCatalog', 'Admin=>test mang=>activate', 'Y', 'Y', 'Y', 'Y') ON CONFLICT (id) DO UPDATE SET name = EXCLUDED.name, description = EXCLUDED.description;
INSERT INTO clinlims.system_module (id, name, description, has_select_flag, has_add_flag, has_update_flag, has_delete_flag) VALUES (1407, 'BatchTestReassign', 'Admin=>batchTestReassignment', 'Y', 'Y', 'Y', 'Y') ON CONFLICT (id) DO UPDATE SET name = EXCLUDED.name, description = EXCLUDED.description;
INSERT INTO clinlims.system_module (id, name, description, has_select_flag, has_add_flag, has_update_flag, has_delete_flag) VALUES (1408, 'TestSectionManagement', 'Admin=>test manag=>test section', 'Y', 'Y', 'Y', 'Y') ON CONFLICT (id) DO UPDATE SET name = EXCLUDED.name, description = EXCLUDED.description;
INSERT INTO clinlims.system_module (id, name, description, has_select_flag, has_add_flag, has_update_flag, has_delete_flag) VALUES (1409, 'TestSectionOrder', 'Admin=>test manag=>test section order', 'Y', 'Y', 'Y', 'Y') ON CONFLICT (id) DO UPDATE SET name = EXCLUDED.name, description = EXCLUDED.description;
INSERT INTO clinlims.system_module (id, name, description, has_select_flag, has_add_flag, has_update_flag, has_delete_flag) VALUES (1410, 'TestSectionTestAssign', 'Admin=>test manag=>test section assign', 'Y', 'Y', 'Y', 'Y') ON CONFLICT (id) DO UPDATE SET name = EXCLUDED.name, description = EXCLUDED.description;
INSERT INTO clinlims.system_module (id, name, description, has_select_flag, has_add_flag, has_update_flag, has_delete_flag) VALUES (1411, 'TestSectionCreate', 'Admin=>test manag=>test section create', 'Y', 'Y', 'Y', 'Y') ON CONFLICT (id) DO UPDATE SET name = EXCLUDED.name, description = EXCLUDED.description;
INSERT INTO clinlims.system_module (id, name, description, has_select_flag, has_add_flag, has_update_flag, has_delete_flag) VALUES (1412, 'SampleTypeRenameEntry', 'Admin=>test manag=>type rename', 'Y', 'Y', 'Y', 'Y') ON CONFLICT (id) DO UPDATE SET name = EXCLUDED.name, description = EXCLUDED.description;
INSERT INTO clinlims.system_module (id, name, description, has_select_flag, has_add_flag, has_update_flag, has_delete_flag) VALUES (1420, 'Workplan:EID', 'Workplan=>EID', 'Y', 'Y', 'Y', 'Y') ON CONFLICT (id) DO UPDATE SET name = EXCLUDED.name, description = EXCLUDED.description;
INSERT INTO clinlims.system_module (id, name, description, has_select_flag, has_add_flag, has_update_flag, has_delete_flag) VALUES (1421, 'LogbookResults:EID', 'LogbookResults=>EID', 'Y', 'Y', 'Y', 'Y') ON CONFLICT (id) DO UPDATE SET name = EXCLUDED.name, description = EXCLUDED.description;
INSERT INTO clinlims.system_module (id, name, description, has_select_flag, has_add_flag, has_update_flag, has_delete_flag) VALUES (1422, 'ResultValidation:EID', 'ResultValidation=>EID', 'Y', 'Y', 'Y', 'Y') ON CONFLICT (id) DO UPDATE SET name = EXCLUDED.name, description = EXCLUDED.description;
INSERT INTO clinlims.system_module (id, name, description, has_select_flag, has_add_flag, has_update_flag, has_delete_flag) VALUES (1423, 'Workplan:VL', 'Workplan=>VL', 'Y', 'Y', 'Y', 'Y') ON CONFLICT (id) DO UPDATE SET name = EXCLUDED.name, description = EXCLUDED.description;
INSERT INTO clinlims.system_module (id, name, description, has_select_flag, has_add_flag, has_update_flag, has_delete_flag) VALUES (1424, 'LogbookResults:VL', 'LogbookResults=>VL', 'Y', 'Y', 'Y', 'Y') ON CONFLICT (id) DO UPDATE SET name = EXCLUDED.name, description = EXCLUDED.description;
INSERT INTO clinlims.system_module (id, name, description, has_select_flag, has_add_flag, has_update_flag, has_delete_flag) VALUES (1425, 'ResultValidation:VL', 'ResultValidation=>VL', 'Y', 'Y', 'Y', 'Y') ON CONFLICT (id) DO UPDATE SET name = EXCLUDED.name, description = EXCLUDED.description;
INSERT INTO clinlims.system_module (id, name, description, has_select_flag, has_add_flag, has_update_flag, has_delete_flag) VALUES (1500, 'MenuStatementConfig', 'Admin=>MenuStatementConfig', 'Y', 'Y', 'Y', 'Y') ON CONFLICT (id) DO UPDATE SET name = EXCLUDED.name, description = EXCLUDED.description;
INSERT INTO clinlims.system_module (id, name, description, has_select_flag, has_add_flag, has_update_flag, has_delete_flag) VALUES (1501, 'LogbookResults:Serology', 'LogbookResults=>Serology', 'Y', 'Y', 'Y', 'Y') ON CONFLICT (id) DO UPDATE SET name = EXCLUDED.name, description = EXCLUDED.description;
INSERT INTO clinlims.system_module (id, name, description, has_select_flag, has_add_flag, has_update_flag, has_delete_flag) VALUES (1502, 'ResultValidation:Serology', 'Validation=>Serology', 'Y', 'Y', 'Y', 'Y') ON CONFLICT (id) DO UPDATE SET name = EXCLUDED.name, description = EXCLUDED.description;
INSERT INTO clinlims.system_module (id, name, description, has_select_flag, has_add_flag, has_update_flag, has_delete_flag) VALUES (1503, 'ResultValidation:serology', 'ResultValidation=>serology', 'Y', 'Y', 'Y', 'Y') ON CONFLICT (id) DO UPDATE SET name = EXCLUDED.name, description = EXCLUDED.description;
INSERT INTO clinlims.system_module (id, name, description, has_select_flag, has_add_flag, has_update_flag, has_delete_flag) VALUES (1504, 'ResultValidation:virology', 'ResultValidation=>virology', 'Y', 'Y', 'Y', 'Y') ON CONFLICT (id) DO UPDATE SET name = EXCLUDED.name, description = EXCLUDED.description;
INSERT INTO clinlims.system_module (id, name, description, has_select_flag, has_add_flag, has_update_flag, has_delete_flag) VALUES (1505, 'SampleBatchEntry', '', 'Y', 'Y', 'Y', 'Y') ON CONFLICT (id) DO UPDATE SET name = EXCLUDED.name, description = EXCLUDED.description;
INSERT INTO clinlims.system_module (id, name, description, has_select_flag, has_add_flag, has_update_flag, has_delete_flag) VALUES (1506, 'SampleBatchEntryOnDemand', '', 'Y', 'Y', 'Y', 'Y') ON CONFLICT (id) DO UPDATE SET name = EXCLUDED.name, description = EXCLUDED.description;
INSERT INTO clinlims.system_module (id, name, description, has_select_flag, has_add_flag, has_update_flag, has_delete_flag) VALUES (1507, 'SampleBatchEntryPrePrinted', '', 'Y', 'Y', 'Y', 'Y') ON CONFLICT (id) DO UPDATE SET name = EXCLUDED.name, description = EXCLUDED.description;
INSERT INTO clinlims.system_module (id, name, description, has_select_flag, has_add_flag, has_update_flag, has_delete_flag) VALUES (1508, 'PrintBarcode', '', 'Y', 'Y', 'Y', 'Y') ON CONFLICT (id) DO UPDATE SET name = EXCLUDED.name, description = EXCLUDED.description;
INSERT INTO clinlims.system_module (id, name, description, has_select_flag, has_add_flag, has_update_flag, has_delete_flag) VALUES (1509, 'TestSectionRenameEntry', '', 'Y', 'Y', 'Y', 'Y') ON CONFLICT (id) DO UPDATE SET name = EXCLUDED.name, description = EXCLUDED.description;
INSERT INTO clinlims.system_module (id, name, description, has_select_flag, has_add_flag, has_update_flag, has_delete_flag) VALUES (1510, 'UnitOfMeasureRenameEntry', '', 'Y', 'Y', 'Y', 'Y') ON CONFLICT (id) DO UPDATE SET name = EXCLUDED.name, description = EXCLUDED.description;
INSERT INTO clinlims.system_module (id, name, description, has_select_flag, has_add_flag, has_update_flag, has_delete_flag) VALUES (1511, 'TestAdd', '', 'Y', 'Y', 'Y', 'Y') ON CONFLICT (id) DO UPDATE SET name = EXCLUDED.name, description = EXCLUDED.description;
INSERT INTO clinlims.system_module (id, name, description, has_select_flag, has_add_flag, has_update_flag, has_delete_flag) VALUES (1512, 'PanelManagement', '', 'Y', 'Y', 'Y', 'Y') ON CONFLICT (id) DO UPDATE SET name = EXCLUDED.name, description = EXCLUDED.description;
INSERT INTO clinlims.system_module (id, name, description, has_select_flag, has_add_flag, has_update_flag, has_delete_flag) VALUES (1513, 'SampleTypeManagement', '', 'Y', 'Y', 'Y', 'Y') ON CONFLICT (id) DO UPDATE SET name = EXCLUDED.name, description = EXCLUDED.description;
INSERT INTO clinlims.system_module (id, name, description, has_select_flag, has_add_flag, has_update_flag, has_delete_flag) VALUES (1514, 'UomManagement', '', 'Y', 'Y', 'Y', 'Y') ON CONFLICT (id) DO UPDATE SET name = EXCLUDED.name, description = EXCLUDED.description;
INSERT INTO clinlims.system_module (id, name, description, has_select_flag, has_add_flag, has_update_flag, has_delete_flag) VALUES (1515, 'UomCreate', '', 'Y', 'Y', 'Y', 'Y') ON CONFLICT (id) DO UPDATE SET name = EXCLUDED.name, description = EXCLUDED.description;
INSERT INTO clinlims.system_module (id, name, description, has_select_flag, has_add_flag, has_update_flag, has_delete_flag) VALUES (1516, 'SampleTypeCreate', '', 'Y', 'Y', 'Y', 'Y') ON CONFLICT (id) DO UPDATE SET name = EXCLUDED.name, description = EXCLUDED.description;
INSERT INTO clinlims.system_module (id, name, description, has_select_flag, has_add_flag, has_update_flag, has_delete_flag) VALUES (1517, 'SampleTypeOrder', '', 'Y', 'Y', 'Y', 'Y') ON CONFLICT (id) DO UPDATE SET name = EXCLUDED.name, description = EXCLUDED.description;
INSERT INTO clinlims.system_module (id, name, description, has_select_flag, has_add_flag, has_update_flag, has_delete_flag) VALUES (1518, 'SampleTypeTestAssign', '', 'Y', 'Y', 'Y', 'Y') ON CONFLICT (id) DO UPDATE SET name = EXCLUDED.name, description = EXCLUDED.description;
INSERT INTO clinlims.system_module (id, name, description, has_select_flag, has_add_flag, has_update_flag, has_delete_flag) VALUES (1519, 'PanelCreate', '', 'Y', 'Y', 'Y', 'Y') ON CONFLICT (id) DO UPDATE SET name = EXCLUDED.name, description = EXCLUDED.description;
INSERT INTO clinlims.system_module (id, name, description, has_select_flag, has_add_flag, has_update_flag, has_delete_flag) VALUES (1520, 'PanelOrder', '', 'Y', 'Y', 'Y', 'Y') ON CONFLICT (id) DO UPDATE SET name = EXCLUDED.name, description = EXCLUDED.description;
INSERT INTO clinlims.system_module (id, name, description, has_select_flag, has_add_flag, has_update_flag, has_delete_flag) VALUES (1521, 'PanelTestAssign', '', 'Y', 'Y', 'Y', 'Y') ON CONFLICT (id) DO UPDATE SET name = EXCLUDED.name, description = EXCLUDED.description;
INSERT INTO clinlims.system_module (id, name, description, has_select_flag, has_add_flag, has_update_flag, has_delete_flag) VALUES (1522, 'ElectronicOrderView', '', 'Y', 'Y', 'Y', 'Y') ON CONFLICT (id) DO UPDATE SET name = EXCLUDED.name, description = EXCLUDED.description;
INSERT INTO clinlims.system_module (id, name, description, has_select_flag, has_add_flag, has_update_flag, has_delete_flag) VALUES (1523, 'ExternalConnectionsConfig', '', 'Y', 'Y', 'Y', 'Y') ON CONFLICT (id) DO UPDATE SET name = EXCLUDED.name, description = EXCLUDED.description;
INSERT INTO clinlims.system_module (id, name, description, has_select_flag, has_add_flag, has_update_flag, has_delete_flag) VALUES (1524, 'ResultReportingConfiguration', '', 'Y', 'Y', 'Y', 'Y') ON CONFLICT (id) DO UPDATE SET name = EXCLUDED.name, description = EXCLUDED.description;
INSERT INTO clinlims.system_module (id, name, description, has_select_flag, has_add_flag, has_update_flag, has_delete_flag) VALUES (1525, 'BarcodeConfig', 'Barcode Configuration pages', 'Y', 'Y', 'Y', 'Y') ON CONFLICT (id) DO UPDATE SET name = EXCLUDED.name, description = EXCLUDED.description;
INSERT INTO clinlims.system_module (id, name, description, has_select_flag, has_add_flag, has_update_flag, has_delete_flag) VALUES (1526, 'ReportConfig', 'Report Configuration pages', 'Y', 'Y', 'Y', 'Y') ON CONFLICT (id) DO UPDATE SET name = EXCLUDED.name, description = EXCLUDED.description;
INSERT INTO clinlims.system_module (id, name, description, has_select_flag, has_add_flag, has_update_flag, has_delete_flag) VALUES (1527, 'BatchTestReassignment', 'BatchTestReassignment pages', 'Y', 'Y', 'Y', 'Y') ON CONFLICT (id) DO UPDATE SET name = EXCLUDED.name, description = EXCLUDED.description;
INSERT INTO clinlims.system_module (id, name, description, has_select_flag, has_add_flag, has_update_flag, has_delete_flag) VALUES (1528, 'ExternalConnection', 'ExternalConnection pages', 'Y', 'Y', 'Y', 'Y') ON CONFLICT (id) DO UPDATE SET name = EXCLUDED.name, description = EXCLUDED.description;
INSERT INTO clinlims.system_module (id, name, description, has_select_flag, has_add_flag, has_update_flag, has_delete_flag) VALUES (1529, 'ValidationConfig', 'ValidationConfig pages', 'Y', 'Y', 'Y', 'Y') ON CONFLICT (id) DO UPDATE SET name = EXCLUDED.name, description = EXCLUDED.description;
INSERT INTO clinlims.system_module (id, name, description, has_select_flag, has_add_flag, has_update_flag, has_delete_flag) VALUES (1530, 'ListPlugins', 'ListPlugins pages', 'Y', 'Y', 'Y', 'Y') ON CONFLICT (id) DO UPDATE SET name = EXCLUDED.name, description = EXCLUDED.description;
INSERT INTO clinlims.system_module (id, name, description, has_select_flag, has_add_flag, has_update_flag, has_delete_flag) VALUES (1531, 'ReportCovid', 'covid report pages', 'Y', 'Y', 'Y', 'Y') ON CONFLICT (id) DO UPDATE SET name = EXCLUDED.name, description = EXCLUDED.description;
INSERT INTO clinlims.system_module (id, name, description, has_select_flag, has_add_flag, has_update_flag, has_delete_flag) VALUES (1532, 'ResultsValidationGeneral', 'General result validation pages', 'Y', 'Y', 'Y', 'Y') ON CONFLICT (id) DO UPDATE SET name = EXCLUDED.name, description = EXCLUDED.description;
INSERT INTO clinlims.system_module (id, name, description, has_select_flag, has_add_flag, has_update_flag, has_delete_flag) VALUES (1533, 'RangeResults', 'view results by accession range', 'Y', 'Y', 'Y', 'Y') ON CONFLICT (id) DO UPDATE SET name = EXCLUDED.name, description = EXCLUDED.description;
INSERT INTO clinlims.system_module (id, name, description, has_select_flag, has_add_flag, has_update_flag, has_delete_flag) VALUES (1535, 'StudyElectronicOrderView', '', 'Y', 'Y', 'Y', 'Y') ON CONFLICT (id) DO UPDATE SET name = EXCLUDED.name, description = EXCLUDED.description;
INSERT INTO clinlims.system_module (id, name, description, has_select_flag, has_add_flag, has_update_flag, has_delete_flag) VALUES (1536, 'Pathology', 'pathology pages', 'Y', 'Y', 'Y', 'Y') ON CONFLICT (id) DO UPDATE SET name = EXCLUDED.name, description = EXCLUDED.description;
INSERT INTO clinlims.system_module (id, name, description, has_select_flag, has_add_flag, has_update_flag, has_delete_flag) VALUES (1537, 'Cytology', 'Cytology pages', 'Y', 'Y', 'Y', 'Y') ON CONFLICT (id) DO UPDATE SET name = EXCLUDED.name, description = EXCLUDED.description;
INSERT INTO clinlims.system_module (id, name, description, has_select_flag, has_add_flag, has_update_flag, has_delete_flag) VALUES (1538, 'Report:RoutineExport', 'Report => Routine => Eport Routine', 'Y', 'Y', 'Y', 'Y') ON CONFLICT (id) DO UPDATE SET name = EXCLUDED.name, description = EXCLUDED.description;
INSERT INTO clinlims.system_module (id, name, description, has_select_flag, has_add_flag, has_update_flag, has_delete_flag) VALUES (1539, 'GenericSampleView', 'Generic Sample Order Entry and Management', 'Y', 'Y', 'Y', 'N') ON CONFLICT (id) DO UPDATE SET name = EXCLUDED.name, description = EXCLUDED.description;
INSERT INTO clinlims.system_module (id, name, description, has_select_flag, has_add_flag, has_update_flag, has_delete_flag) VALUES (1540, 'Workplan:SETA en', 'Workplan=>panel=>SETA en', 'Y', 'Y', 'Y', 'Y') ON CONFLICT (id) DO UPDATE SET name = EXCLUDED.name, description = EXCLUDED.description;
INSERT INTO clinlims.system_module (id, name, description, has_select_flag, has_add_flag, has_update_flag, has_delete_flag) VALUES (1541, 'LogbookResults:SETA en', 'LogbookResults=>panel=>SETA en', 'Y', 'Y', 'Y', 'Y') ON CONFLICT (id) DO UPDATE SET name = EXCLUDED.name, description = EXCLUDED.description;
INSERT INTO clinlims.system_module (id, name, description, has_select_flag, has_add_flag, has_update_flag, has_delete_flag) VALUES (1542, 'ResultValidation:SETA en', 'ResultValidation=>panel=>SETA en', 'Y', 'Y', 'Y', 'Y') ON CONFLICT (id) DO UPDATE SET name = EXCLUDED.name, description = EXCLUDED.description;
INSERT INTO clinlims.system_module (id, name, description, has_select_flag, has_add_flag, has_update_flag, has_delete_flag) VALUES (1543, 'Workplan:MNTd', 'Workplan=>MNTd', 'Y', 'Y', 'Y', 'Y') ON CONFLICT (id) DO UPDATE SET name = EXCLUDED.name, description = EXCLUDED.description;
INSERT INTO clinlims.system_module (id, name, description, has_select_flag, has_add_flag, has_update_flag, has_delete_flag) VALUES (1544, 'LogbookResults:MNTd', 'LogbookResults=>MNTd', 'Y', 'Y', 'Y', 'Y') ON CONFLICT (id) DO UPDATE SET name = EXCLUDED.name, description = EXCLUDED.description;
INSERT INTO clinlims.system_module (id, name, description, has_select_flag, has_add_flag, has_update_flag, has_delete_flag) VALUES (1545, 'ResultValidation:MNTd', 'ResultValidation=>MNTd', 'Y', 'Y', 'Y', 'Y') ON CONFLICT (id) DO UPDATE SET name = EXCLUDED.name, description = EXCLUDED.description;
INSERT INTO clinlims.system_module (id, name, description, has_select_flag, has_add_flag, has_update_flag, has_delete_flag) VALUES (1546, 'Workplan:Pharmaceuticals', 'Workplan=>Pharmaceuticals', 'Y', 'Y', 'Y', 'Y') ON CONFLICT (id) DO UPDATE SET name = EXCLUDED.name, description = EXCLUDED.description;
INSERT INTO clinlims.system_module (id, name, description, has_select_flag, has_add_flag, has_update_flag, has_delete_flag) VALUES (1547, 'LogbookResults:Pharmaceuticals', 'LogbookResults=>Pharmaceuticals', 'Y', 'Y', 'Y', 'Y') ON CONFLICT (id) DO UPDATE SET name = EXCLUDED.name, description = EXCLUDED.description;
INSERT INTO clinlims.system_module (id, name, description, has_select_flag, has_add_flag, has_update_flag, has_delete_flag) VALUES (1548, 'ResultValidation:Pharmaceuticals', 'ResultValidation=>Pharmaceuticals', 'Y', 'Y', 'Y', 'Y') ON CONFLICT (id) DO UPDATE SET name = EXCLUDED.name, description = EXCLUDED.description;

-- System Role Module Mappings
INSERT INTO clinlims.system_role_module (id, has_select, has_add, has_update, has_delete, system_role_id, system_module_id) VALUES (1, 'Y', 'Y', 'Y', 'Y', 5, 185) ON CONFLICT (id) DO NOTHING;
INSERT INTO clinlims.system_role_module (id, has_select, has_add, has_update, has_delete, system_role_id, system_module_id) VALUES (2, 'Y', 'Y', 'Y', 'Y', 1, 17) ON CONFLICT (id) DO NOTHING;
INSERT INTO clinlims.system_role_module (id, has_select, has_add, has_update, has_delete, system_role_id, system_module_id) VALUES (3, 'Y', 'Y', 'Y', 'Y', 1, 87) ON CONFLICT (id) DO NOTHING;
INSERT INTO clinlims.system_role_module (id, has_select, has_add, has_update, has_delete, system_role_id, system_module_id) VALUES (4, 'Y', 'Y', 'Y', 'Y', 1, 48) ON CONFLICT (id) DO NOTHING;
INSERT INTO clinlims.system_role_module (id, has_select, has_add, has_update, has_delete, system_role_id, system_module_id) VALUES (5, 'Y', 'Y', 'Y', 'Y', 1, 3) ON CONFLICT (id) DO NOTHING;
INSERT INTO clinlims.system_role_module (id, has_select, has_add, has_update, has_delete, system_role_id, system_module_id) VALUES (6, 'Y', 'Y', 'Y', 'Y', 1, 4) ON CONFLICT (id) DO NOTHING;
INSERT INTO clinlims.system_role_module (id, has_select, has_add, has_update, has_delete, system_role_id, system_module_id) VALUES (7, 'Y', 'Y', 'Y', 'Y', 1, 97) ON CONFLICT (id) DO NOTHING;
INSERT INTO clinlims.system_role_module (id, has_select, has_add, has_update, has_delete, system_role_id, system_module_id) VALUES (8, 'Y', 'Y', 'Y', 'Y', 1, 6) ON CONFLICT (id) DO NOTHING;
INSERT INTO clinlims.system_role_module (id, has_select, has_add, has_update, has_delete, system_role_id, system_module_id) VALUES (9, 'Y', 'Y', 'Y', 'Y', 1, 7) ON CONFLICT (id) DO NOTHING;
INSERT INTO clinlims.system_role_module (id, has_select, has_add, has_update, has_delete, system_role_id, system_module_id) VALUES (10, 'Y', 'Y', 'Y', 'Y', 1, 1) ON CONFLICT (id) DO NOTHING;
INSERT INTO clinlims.system_role_module (id, has_select, has_add, has_update, has_delete, system_role_id, system_module_id) VALUES (11, 'Y', 'Y', 'Y', 'Y', 1, 41) ON CONFLICT (id) DO NOTHING;
INSERT INTO clinlims.system_role_module (id, has_select, has_add, has_update, has_delete, system_role_id, system_module_id) VALUES (12, 'Y', 'Y', 'Y', 'Y', 1, 9) ON CONFLICT (id) DO NOTHING;
INSERT INTO clinlims.system_role_module (id, has_select, has_add, has_update, has_delete, system_role_id, system_module_id) VALUES (13, 'Y', 'Y', 'Y', 'Y', 1, 11) ON CONFLICT (id) DO NOTHING;
INSERT INTO clinlims.system_role_module (id, has_select, has_add, has_update, has_delete, system_role_id, system_module_id) VALUES (14, 'Y', 'Y', 'Y', 'Y', 1, 47) ON CONFLICT (id) DO NOTHING;
INSERT INTO clinlims.system_role_module (id, has_select, has_add, has_update, has_delete, system_role_id, system_module_id) VALUES (15, 'Y', 'Y', 'Y', 'Y', 1, 12) ON CONFLICT (id) DO NOTHING;
INSERT INTO clinlims.system_role_module (id, has_select, has_add, has_update, has_delete, system_role_id, system_module_id) VALUES (16, 'Y', 'Y', 'Y', 'Y', 1, 15) ON CONFLICT (id) DO NOTHING;
INSERT INTO clinlims.system_role_module (id, has_select, has_add, has_update, has_delete, system_role_id, system_module_id) VALUES (17, 'Y', 'Y', 'Y', 'Y', 1, 86) ON CONFLICT (id) DO NOTHING;
INSERT INTO clinlims.system_role_module (id, has_select, has_add, has_update, has_delete, system_role_id, system_module_id) VALUES (18, 'Y', 'Y', 'Y', 'Y', 1, 84) ON CONFLICT (id) DO NOTHING;
INSERT INTO clinlims.system_role_module (id, has_select, has_add, has_update, has_delete, system_role_id, system_module_id) VALUES (19, 'Y', 'Y', 'Y', 'Y', 1, 34) ON CONFLICT (id) DO NOTHING;
INSERT INTO clinlims.system_role_module (id, has_select, has_add, has_update, has_delete, system_role_id, system_module_id) VALUES (20, 'Y', 'Y', 'Y', 'Y', 1, 35) ON CONFLICT (id) DO NOTHING;
INSERT INTO clinlims.system_role_module (id, has_select, has_add, has_update, has_delete, system_role_id, system_module_id) VALUES (21, 'Y', 'Y', 'Y', 'Y', 1, 42) ON CONFLICT (id) DO NOTHING;
INSERT INTO clinlims.system_role_module (id, has_select, has_add, has_update, has_delete, system_role_id, system_module_id) VALUES (22, 'Y', 'Y', 'Y', 'Y', 1, 43) ON CONFLICT (id) DO NOTHING;
INSERT INTO clinlims.system_role_module (id, has_select, has_add, has_update, has_delete, system_role_id, system_module_id) VALUES (23, 'Y', 'Y', 'Y', 'Y', 1, 31) ON CONFLICT (id) DO NOTHING;
INSERT INTO clinlims.system_role_module (id, has_select, has_add, has_update, has_delete, system_role_id, system_module_id) VALUES (24, 'Y', 'Y', 'Y', 'Y', 1, 36) ON CONFLICT (id) DO NOTHING;
INSERT INTO clinlims.system_role_module (id, has_select, has_add, has_update, has_delete, system_role_id, system_module_id) VALUES (25, 'Y', 'Y', 'Y', 'Y', 1, 27) ON CONFLICT (id) DO NOTHING;
INSERT INTO clinlims.system_role_module (id, has_select, has_add, has_update, has_delete, system_role_id, system_module_id) VALUES (26, 'Y', 'Y', 'Y', 'Y', 1, 13) ON CONFLICT (id) DO NOTHING;
INSERT INTO clinlims.system_role_module (id, has_select, has_add, has_update, has_delete, system_role_id, system_module_id) VALUES (27, 'Y', 'Y', 'Y', 'Y', 1, 32) ON CONFLICT (id) DO NOTHING;
INSERT INTO clinlims.system_role_module (id, has_select, has_add, has_update, has_delete, system_role_id, system_module_id) VALUES (28, 'Y', 'Y', 'Y', 'Y', 1, 44) ON CONFLICT (id) DO NOTHING;
INSERT INTO clinlims.system_role_module (id, has_select, has_add, has_update, has_delete, system_role_id, system_module_id) VALUES (29, 'Y', 'Y', 'Y', 'Y', 1, 101) ON CONFLICT (id) DO NOTHING;
INSERT INTO clinlims.system_role_module (id, has_select, has_add, has_update, has_delete, system_role_id, system_module_id) VALUES (30, 'Y', 'Y', 'Y', 'Y', 2, 17) ON CONFLICT (id) DO NOTHING;
INSERT INTO clinlims.system_role_module (id, has_select, has_add, has_update, has_delete, system_role_id, system_module_id) VALUES (31, 'Y', 'Y', 'Y', 'Y', 2, 44) ON CONFLICT (id) DO NOTHING;
INSERT INTO clinlims.system_role_module (id, has_select, has_add, has_update, has_delete, system_role_id, system_module_id) VALUES (32, 'Y', 'Y', 'Y', 'Y', 4, 46) ON CONFLICT (id) DO NOTHING;
INSERT INTO clinlims.system_role_module (id, has_select, has_add, has_update, has_delete, system_role_id, system_module_id) VALUES (33, 'Y', 'Y', 'Y', 'Y', 5, 8) ON CONFLICT (id) DO NOTHING;
INSERT INTO clinlims.system_role_module (id, has_select, has_add, has_update, has_delete, system_role_id, system_module_id) VALUES (34, 'Y', 'Y', 'Y', 'Y', 5, 26) ON CONFLICT (id) DO NOTHING;
INSERT INTO clinlims.system_role_module (id, has_select, has_add, has_update, has_delete, system_role_id, system_module_id) VALUES (35, 'Y', 'Y', 'Y', 'Y', 5, 63) ON CONFLICT (id) DO NOTHING;
INSERT INTO clinlims.system_role_module (id, has_select, has_add, has_update, has_delete, system_role_id, system_module_id) VALUES (36, 'Y', 'Y', 'Y', 'Y', 5, 20) ON CONFLICT (id) DO NOTHING;
INSERT INTO clinlims.system_role_module (id, has_select, has_add, has_update, has_delete, system_role_id, system_module_id) VALUES (37, 'Y', 'Y', 'Y', 'Y', 5, 25) ON CONFLICT (id) DO NOTHING;
INSERT INTO clinlims.system_role_module (id, has_select, has_add, has_update, has_delete, system_role_id, system_module_id) VALUES (38, 'Y', 'Y', 'Y', 'Y', 5, 19) ON CONFLICT (id) DO NOTHING;
INSERT INTO clinlims.system_role_module (id, has_select, has_add, has_update, has_delete, system_role_id, system_module_id) VALUES (39, 'Y', 'Y', 'Y', 'Y', 5, 21) ON CONFLICT (id) DO NOTHING;
INSERT INTO clinlims.system_role_module (id, has_select, has_add, has_update, has_delete, system_role_id, system_module_id) VALUES (40, 'Y', 'Y', 'Y', 'Y', 5, 22) ON CONFLICT (id) DO NOTHING;
INSERT INTO clinlims.system_role_module (id, has_select, has_add, has_update, has_delete, system_role_id, system_module_id) VALUES (41, 'Y', 'Y', 'Y', 'Y', 5, 23) ON CONFLICT (id) DO NOTHING;
INSERT INTO clinlims.system_role_module (id, has_select, has_add, has_update, has_delete, system_role_id, system_module_id) VALUES (42, 'Y', 'Y', 'Y', 'Y', 5, 24) ON CONFLICT (id) DO NOTHING;
INSERT INTO clinlims.system_role_module (id, has_select, has_add, has_update, has_delete, system_role_id, system_module_id) VALUES (43, 'Y', 'Y', 'Y', 'Y', 5, 45) ON CONFLICT (id) DO NOTHING;
INSERT INTO clinlims.system_role_module (id, has_select, has_add, has_update, has_delete, system_role_id, system_module_id) VALUES (44, 'Y', 'Y', 'Y', 'Y', 6, 18) ON CONFLICT (id) DO NOTHING;
INSERT INTO clinlims.system_role_module (id, has_select, has_add, has_update, has_delete, system_role_id, system_module_id) VALUES (45, 'Y', 'Y', 'Y', 'Y', 7, 28) ON CONFLICT (id) DO NOTHING;
INSERT INTO clinlims.system_role_module (id, has_select, has_add, has_update, has_delete, system_role_id, system_module_id) VALUES (46, 'Y', 'Y', 'Y', 'Y', 7, 29) ON CONFLICT (id) DO NOTHING;
INSERT INTO clinlims.system_role_module (id, has_select, has_add, has_update, has_delete, system_role_id, system_module_id) VALUES (47, 'Y', 'Y', 'Y', 'Y', 7, 30) ON CONFLICT (id) DO NOTHING;
INSERT INTO clinlims.system_role_module (id, has_select, has_add, has_update, has_delete, system_role_id, system_module_id) VALUES (48, 'Y', 'Y', 'Y', 'Y', 4, 118) ON CONFLICT (id) DO NOTHING;
INSERT INTO clinlims.system_role_module (id, has_select, has_add, has_update, has_delete, system_role_id, system_module_id) VALUES (49, 'Y', 'Y', 'Y', 'Y', 4, 123) ON CONFLICT (id) DO NOTHING;
INSERT INTO clinlims.system_role_module (id, has_select, has_add, has_update, has_delete, system_role_id, system_module_id) VALUES (50, 'Y', 'Y', 'Y', 'Y', 4, 106) ON CONFLICT (id) DO NOTHING;
INSERT INTO clinlims.system_role_module (id, has_select, has_add, has_update, has_delete, system_role_id, system_module_id) VALUES (51, 'Y', 'Y', 'Y', 'Y', 4, 118) ON CONFLICT (id) DO NOTHING;
INSERT INTO clinlims.system_role_module (id, has_select, has_add, has_update, has_delete, system_role_id, system_module_id) VALUES (52, 'Y', 'Y', 'Y', 'Y', 4, 123) ON CONFLICT (id) DO NOTHING;
INSERT INTO clinlims.system_role_module (id, has_select, has_add, has_update, has_delete, system_role_id, system_module_id) VALUES (53, 'Y', 'Y', 'Y', 'Y', 4, 106) ON CONFLICT (id) DO NOTHING;
INSERT INTO clinlims.system_role_module (id, has_select, has_add, has_update, has_delete, system_role_id, system_module_id) VALUES (54, 'Y', 'Y', 'Y', 'Y', 7, 108) ON CONFLICT (id) DO NOTHING;
INSERT INTO clinlims.system_role_module (id, has_select, has_add, has_update, has_delete, system_role_id, system_module_id) VALUES (55, 'Y', 'Y', 'Y', 'Y', 7, 110) ON CONFLICT (id) DO NOTHING;
INSERT INTO clinlims.system_role_module (id, has_select, has_add, has_update, has_delete, system_role_id, system_module_id) VALUES (56, 'Y', 'Y', 'Y', 'Y', 4, 253) ON CONFLICT (id) DO NOTHING;
INSERT INTO clinlims.system_role_module (id, has_select, has_add, has_update, has_delete, system_role_id, system_module_id) VALUES (57, 'Y', 'Y', 'Y', 'Y', 5, 322) ON CONFLICT (id) DO NOTHING;
INSERT INTO clinlims.system_role_module (id, has_select, has_add, has_update, has_delete, system_role_id, system_module_id) VALUES (58, 'Y', 'Y', 'Y', 'Y', 5, 561) ON CONFLICT (id) DO NOTHING;
INSERT INTO clinlims.system_role_module (id, has_select, has_add, has_update, has_delete, system_role_id, system_module_id) VALUES (59, 'Y', 'Y', 'Y', 'Y', 5, 71) ON CONFLICT (id) DO NOTHING;
INSERT INTO clinlims.system_role_module (id, has_select, has_add, has_update, has_delete, system_role_id, system_module_id) VALUES (60, 'Y', 'Y', 'Y', 'Y', 5, 816) ON CONFLICT (id) DO NOTHING;
INSERT INTO clinlims.system_role_module (id, has_select, has_add, has_update, has_delete, system_role_id, system_module_id) VALUES (61, 'Y', 'Y', 'Y', 'Y', 5, 73) ON CONFLICT (id) DO NOTHING;
INSERT INTO clinlims.system_role_module (id, has_select, has_add, has_update, has_delete, system_role_id, system_module_id) VALUES (62, 'Y', 'Y', 'Y', 'Y', 5, 72) ON CONFLICT (id) DO NOTHING;
INSERT INTO clinlims.system_role_module (id, has_select, has_add, has_update, has_delete, system_role_id, system_module_id) VALUES (63, 'Y', 'Y', 'Y', 'Y', 5, 1183) ON CONFLICT (id) DO NOTHING;
INSERT INTO clinlims.system_role_module (id, has_select, has_add, has_update, has_delete, system_role_id, system_module_id) VALUES (64, 'Y', 'Y', 'Y', 'Y', 5, 1179) ON CONFLICT (id) DO NOTHING;
INSERT INTO clinlims.system_role_module (id, has_select, has_add, has_update, has_delete, system_role_id, system_module_id) VALUES (65, 'Y', 'Y', 'Y', 'Y', 5, 1180) ON CONFLICT (id) DO NOTHING;
INSERT INTO clinlims.system_role_module (id, has_select, has_add, has_update, has_delete, system_role_id, system_module_id) VALUES (66, 'Y', 'Y', 'Y', 'Y', 5, 1181) ON CONFLICT (id) DO NOTHING;
INSERT INTO clinlims.system_role_module (id, has_select, has_add, has_update, has_delete, system_role_id, system_module_id) VALUES (67, 'Y', 'Y', 'Y', 'Y', 5, 1178) ON CONFLICT (id) DO NOTHING;
INSERT INTO clinlims.system_role_module (id, has_select, has_add, has_update, has_delete, system_role_id, system_module_id) VALUES (68, 'Y', 'Y', 'Y', 'Y', 10, 112) ON CONFLICT (id) DO NOTHING;
INSERT INTO clinlims.system_role_module (id, has_select, has_add, has_update, has_delete, system_role_id, system_module_id) VALUES (69, 'Y', 'Y', 'Y', 'Y', 10, 1184) ON CONFLICT (id) DO NOTHING;
INSERT INTO clinlims.system_role_module (id, has_select, has_add, has_update, has_delete, system_role_id, system_module_id) VALUES (70, 'Y', 'Y', 'Y', 'Y', 10, 114) ON CONFLICT (id) DO NOTHING;
INSERT INTO clinlims.system_role_module (id, has_select, has_add, has_update, has_delete, system_role_id, system_module_id) VALUES (71, 'Y', 'Y', 'Y', 'Y', 10, 113) ON CONFLICT (id) DO NOTHING;
INSERT INTO clinlims.system_role_module (id, has_select, has_add, has_update, has_delete, system_role_id, system_module_id) VALUES (72, 'Y', 'Y', 'Y', 'Y', 10, 1186) ON CONFLICT (id) DO NOTHING;
INSERT INTO clinlims.system_role_module (id, has_select, has_add, has_update, has_delete, system_role_id, system_module_id) VALUES (73, 'Y', 'Y', 'Y', 'Y', 5, 69) ON CONFLICT (id) DO NOTHING;
INSERT INTO clinlims.system_role_module (id, has_select, has_add, has_update, has_delete, system_role_id, system_module_id) VALUES (74, 'Y', 'Y', 'Y', 'Y', 4, 107) ON CONFLICT (id) DO NOTHING;
INSERT INTO clinlims.system_role_module (id, has_select, has_add, has_update, has_delete, system_role_id, system_module_id) VALUES (75, 'Y', 'Y', 'Y', 'Y', 5, 107) ON CONFLICT (id) DO NOTHING;
INSERT INTO clinlims.system_role_module (id, has_select, has_add, has_update, has_delete, system_role_id, system_module_id) VALUES (76, 'Y', 'Y', 'Y', 'Y', 11, 1378) ON CONFLICT (id) DO NOTHING;
INSERT INTO clinlims.system_role_module (id, has_select, has_add, has_update, has_delete, system_role_id, system_module_id) VALUES (77, 'Y', 'Y', 'Y', 'Y', 10, 1380) ON CONFLICT (id) DO NOTHING;
INSERT INTO clinlims.system_role_module (id, has_select, has_add, has_update, has_delete, system_role_id, system_module_id) VALUES (78, 'Y', 'Y', 'Y', 'Y', 5, 395) ON CONFLICT (id) DO NOTHING;
INSERT INTO clinlims.system_role_module (id, has_select, has_add, has_update, has_delete, system_role_id, system_module_id) VALUES (79, 'Y', 'Y', 'Y', 'Y', 5, 430) ON CONFLICT (id) DO NOTHING;
INSERT INTO clinlims.system_role_module (id, has_select, has_add, has_update, has_delete, system_role_id, system_module_id) VALUES (80, 'Y', 'Y', 'Y', 'Y', 1, 1393) ON CONFLICT (id) DO NOTHING;
INSERT INTO clinlims.system_role_module (id, has_select, has_add, has_update, has_delete, system_role_id, system_module_id) VALUES (81, 'Y', 'Y', 'Y', 'Y', 1, 1394) ON CONFLICT (id) DO NOTHING;
INSERT INTO clinlims.system_role_module (id, has_select, has_add, has_update, has_delete, system_role_id, system_module_id) VALUES (82, 'Y', 'Y', 'Y', 'Y', 10, 1376) ON CONFLICT (id) DO NOTHING;
INSERT INTO clinlims.system_role_module (id, has_select, has_add, has_update, has_delete, system_role_id, system_module_id) VALUES (83, 'Y', 'Y', 'Y', 'Y', 12, 1395) ON CONFLICT (id) DO NOTHING;
INSERT INTO clinlims.system_role_module (id, has_select, has_add, has_update, has_delete, system_role_id, system_module_id) VALUES (84, 'Y', 'Y', 'Y', 'Y', 12, 1396) ON CONFLICT (id) DO NOTHING;
INSERT INTO clinlims.system_role_module (id, has_select, has_add, has_update, has_delete, system_role_id, system_module_id) VALUES (85, 'Y', 'Y', 'Y', 'Y', 1, 1397) ON CONFLICT (id) DO NOTHING;
INSERT INTO clinlims.system_role_module (id, has_select, has_add, has_update, has_delete, system_role_id, system_module_id) VALUES (86, 'Y', 'Y', 'Y', 'Y', 1, 1398) ON CONFLICT (id) DO NOTHING;
INSERT INTO clinlims.system_role_module (id, has_select, has_add, has_update, has_delete, system_role_id, system_module_id) VALUES (87, 'Y', 'Y', 'Y', 'Y', 1, 1399) ON CONFLICT (id) DO NOTHING;
INSERT INTO clinlims.system_role_module (id, has_select, has_add, has_update, has_delete, system_role_id, system_module_id) VALUES (88, 'Y', 'Y', 'Y', 'Y', 1, 1400) ON CONFLICT (id) DO NOTHING;
INSERT INTO clinlims.system_role_module (id, has_select, has_add, has_update, has_delete, system_role_id, system_module_id) VALUES (89, 'Y', 'Y', 'Y', 'Y', 12, 1401) ON CONFLICT (id) DO NOTHING;
INSERT INTO clinlims.system_role_module (id, has_select, has_add, has_update, has_delete, system_role_id, system_module_id) VALUES (90, 'Y', 'Y', 'Y', 'Y', 5, 1402) ON CONFLICT (id) DO NOTHING;
INSERT INTO clinlims.system_role_module (id, has_select, has_add, has_update, has_delete, system_role_id, system_module_id) VALUES (91, 'Y', 'Y', 'Y', 'Y', 12, 1404) ON CONFLICT (id) DO NOTHING;
INSERT INTO clinlims.system_role_module (id, has_select, has_add, has_update, has_delete, system_role_id, system_module_id) VALUES (92, 'Y', 'Y', 'Y', 'Y', 12, 1405) ON CONFLICT (id) DO NOTHING;
INSERT INTO clinlims.system_role_module (id, has_select, has_add, has_update, has_delete, system_role_id, system_module_id) VALUES (93, 'Y', 'Y', 'Y', 'Y', 12, 1406) ON CONFLICT (id) DO NOTHING;
INSERT INTO clinlims.system_role_module (id, has_select, has_add, has_update, has_delete, system_role_id, system_module_id) VALUES (94, 'Y', 'Y', 'Y', 'Y', 12, 17) ON CONFLICT (id) DO NOTHING;
INSERT INTO clinlims.system_role_module (id, has_select, has_add, has_update, has_delete, system_role_id, system_module_id) VALUES (95, 'Y', 'Y', 'Y', 'Y', 12, 1408) ON CONFLICT (id) DO NOTHING;
INSERT INTO clinlims.system_role_module (id, has_select, has_add, has_update, has_delete, system_role_id, system_module_id) VALUES (96, 'Y', 'Y', 'Y', 'Y', 12, 1409) ON CONFLICT (id) DO NOTHING;
INSERT INTO clinlims.system_role_module (id, has_select, has_add, has_update, has_delete, system_role_id, system_module_id) VALUES (97, 'Y', 'Y', 'Y', 'Y', 12, 1410) ON CONFLICT (id) DO NOTHING;
INSERT INTO clinlims.system_role_module (id, has_select, has_add, has_update, has_delete, system_role_id, system_module_id) VALUES (98, 'Y', 'Y', 'Y', 'Y', 12, 1411) ON CONFLICT (id) DO NOTHING;
INSERT INTO clinlims.system_role_module (id, has_select, has_add, has_update, has_delete, system_role_id, system_module_id) VALUES (99, 'Y', 'Y', 'Y', 'Y', 12, 1412) ON CONFLICT (id) DO NOTHING;
INSERT INTO clinlims.system_role_module (id, has_select, has_add, has_update, has_delete, system_role_id, system_module_id) VALUES (100, 'Y', 'Y', 'Y', 'Y', 10, 1387) ON CONFLICT (id) DO NOTHING;
INSERT INTO clinlims.system_role_module (id, has_select, has_add, has_update, has_delete, system_role_id, system_module_id) VALUES (101, 'Y', 'Y', 'Y', 'Y', 5, 60) ON CONFLICT (id) DO NOTHING;
INSERT INTO clinlims.system_role_module (id, has_select, has_add, has_update, has_delete, system_role_id, system_module_id) VALUES (102, 'Y', 'Y', 'Y', 'Y', 5, 70) ON CONFLICT (id) DO NOTHING;
INSERT INTO clinlims.system_role_module (id, has_select, has_add, has_update, has_delete, system_role_id, system_module_id) VALUES (103, 'Y', 'Y', 'Y', 'Y', 1, 1393) ON CONFLICT (id) DO NOTHING;
INSERT INTO clinlims.system_role_module (id, has_select, has_add, has_update, has_delete, system_role_id, system_module_id) VALUES (104, 'Y', 'Y', 'Y', 'Y', 1, 1394) ON CONFLICT (id) DO NOTHING;
INSERT INTO clinlims.system_role_module (id, has_select, has_add, has_update, has_delete, system_role_id, system_module_id) VALUES (105, 'Y', 'Y', 'Y', 'Y', 1, 1401) ON CONFLICT (id) DO NOTHING;
INSERT INTO clinlims.system_role_module (id, has_select, has_add, has_update, has_delete, system_role_id, system_module_id) VALUES (106, 'Y', 'Y', 'Y', 'Y', 1, 1404) ON CONFLICT (id) DO NOTHING;
INSERT INTO clinlims.system_role_module (id, has_select, has_add, has_update, has_delete, system_role_id, system_module_id) VALUES (107, 'Y', 'Y', 'Y', 'Y', 1, 1405) ON CONFLICT (id) DO NOTHING;
INSERT INTO clinlims.system_role_module (id, has_select, has_add, has_update, has_delete, system_role_id, system_module_id) VALUES (108, 'Y', 'Y', 'Y', 'Y', 1, 1406) ON CONFLICT (id) DO NOTHING;
INSERT INTO clinlims.system_role_module (id, has_select, has_add, has_update, has_delete, system_role_id, system_module_id) VALUES (109, 'Y', 'Y', 'Y', 'Y', 1, 1408) ON CONFLICT (id) DO NOTHING;
INSERT INTO clinlims.system_role_module (id, has_select, has_add, has_update, has_delete, system_role_id, system_module_id) VALUES (110, 'Y', 'Y', 'Y', 'Y', 1, 1409) ON CONFLICT (id) DO NOTHING;
INSERT INTO clinlims.system_role_module (id, has_select, has_add, has_update, has_delete, system_role_id, system_module_id) VALUES (111, 'Y', 'Y', 'Y', 'Y', 1, 1410) ON CONFLICT (id) DO NOTHING;
INSERT INTO clinlims.system_role_module (id, has_select, has_add, has_update, has_delete, system_role_id, system_module_id) VALUES (112, 'Y', 'Y', 'Y', 'Y', 1, 1411) ON CONFLICT (id) DO NOTHING;
INSERT INTO clinlims.system_role_module (id, has_select, has_add, has_update, has_delete, system_role_id, system_module_id) VALUES (113, 'Y', 'Y', 'Y', 'Y', 1, 1412) ON CONFLICT (id) DO NOTHING;
INSERT INTO clinlims.system_role_module (id, has_select, has_add, has_update, has_delete, system_role_id, system_module_id) VALUES (114, 'Y', 'Y', 'Y', 'Y', 4, 51) ON CONFLICT (id) DO NOTHING;
INSERT INTO clinlims.system_role_module (id, has_select, has_add, has_update, has_delete, system_role_id, system_module_id) VALUES (115, 'Y', 'Y', 'Y', 'Y', 4, 52) ON CONFLICT (id) DO NOTHING;
INSERT INTO clinlims.system_role_module (id, has_select, has_add, has_update, has_delete, system_role_id, system_module_id) VALUES (116, 'Y', 'Y', 'Y', 'Y', 4, 53) ON CONFLICT (id) DO NOTHING;
INSERT INTO clinlims.system_role_module (id, has_select, has_add, has_update, has_delete, system_role_id, system_module_id) VALUES (117, 'Y', 'Y', 'Y', 'Y', 4, 54) ON CONFLICT (id) DO NOTHING;
INSERT INTO clinlims.system_role_module (id, has_select, has_add, has_update, has_delete, system_role_id, system_module_id) VALUES (118, 'Y', 'Y', 'Y', 'Y', 4, 55) ON CONFLICT (id) DO NOTHING;
INSERT INTO clinlims.system_role_module (id, has_select, has_add, has_update, has_delete, system_role_id, system_module_id) VALUES (119, 'Y', 'Y', 'Y', 'Y', 4, 56) ON CONFLICT (id) DO NOTHING;
INSERT INTO clinlims.system_role_module (id, has_select, has_add, has_update, has_delete, system_role_id, system_module_id) VALUES (120, 'Y', 'Y', 'Y', 'Y', 4, 116) ON CONFLICT (id) DO NOTHING;
INSERT INTO clinlims.system_role_module (id, has_select, has_add, has_update, has_delete, system_role_id, system_module_id) VALUES (121, 'Y', 'Y', 'Y', 'Y', 4, 173) ON CONFLICT (id) DO NOTHING;
INSERT INTO clinlims.system_role_module (id, has_select, has_add, has_update, has_delete, system_role_id, system_module_id) VALUES (122, 'Y', 'Y', 'Y', 'Y', 4, 174) ON CONFLICT (id) DO NOTHING;
INSERT INTO clinlims.system_role_module (id, has_select, has_add, has_update, has_delete, system_role_id, system_module_id) VALUES (123, 'Y', 'Y', 'Y', 'Y', 1, 1500) ON CONFLICT (id) DO NOTHING;
INSERT INTO clinlims.system_role_module (id, has_select, has_add, has_update, has_delete, system_role_id, system_module_id) VALUES (124, 'Y', 'Y', 'Y', 'Y', 5, 70) ON CONFLICT (id) DO NOTHING;
INSERT INTO clinlims.system_role_module (id, has_select, has_add, has_update, has_delete, system_role_id, system_module_id) VALUES (125, 'Y', 'Y', 'Y', 'Y', 5, 1501) ON CONFLICT (id) DO NOTHING;
INSERT INTO clinlims.system_role_module (id, has_select, has_add, has_update, has_delete, system_role_id, system_module_id) VALUES (126, 'Y', 'Y', 'Y', 'Y', 10, 1502) ON CONFLICT (id) DO NOTHING;
INSERT INTO clinlims.system_role_module (id, has_select, has_add, has_update, has_delete, system_role_id, system_module_id) VALUES (127, 'Y', 'Y', 'Y', 'Y', 10, 1503) ON CONFLICT (id) DO NOTHING;
INSERT INTO clinlims.system_role_module (id, has_select, has_add, has_update, has_delete, system_role_id, system_module_id) VALUES (128, 'Y', 'Y', 'Y', 'Y', 10, 1504) ON CONFLICT (id) DO NOTHING;
INSERT INTO clinlims.system_role_module (id, has_select, has_add, has_update, has_delete, system_role_id, system_module_id) VALUES (129, 'Y', 'Y', 'Y', 'Y', 4, 117) ON CONFLICT (id) DO NOTHING;
INSERT INTO clinlims.system_role_module (id, has_select, has_add, has_update, has_delete, system_role_id, system_module_id) VALUES (130, 'Y', 'Y', 'Y', 'Y', 5, 74) ON CONFLICT (id) DO NOTHING;
INSERT INTO clinlims.system_role_module (id, has_select, has_add, has_update, has_delete, system_role_id, system_module_id) VALUES (131, 'Y', 'Y', 'Y', 'Y', 5, 61) ON CONFLICT (id) DO NOTHING;
INSERT INTO clinlims.system_role_module (id, has_select, has_add, has_update, has_delete, system_role_id, system_module_id) VALUES (132, 'Y', 'Y', 'Y', 'Y', 10, 1389) ON CONFLICT (id) DO NOTHING;
INSERT INTO clinlims.system_role_module (id, has_select, has_add, has_update, has_delete, system_role_id, system_module_id) VALUES (133, 'Y', 'Y', 'Y', 'Y', 67, 1100) ON CONFLICT (id) DO NOTHING;
INSERT INTO clinlims.system_role_module (id, has_select, has_add, has_update, has_delete, system_role_id, system_module_id) VALUES (134, 'Y', 'Y', 'Y', 'Y', 67, 1101) ON CONFLICT (id) DO NOTHING;
INSERT INTO clinlims.system_role_module (id, has_select, has_add, has_update, has_delete, system_role_id, system_module_id) VALUES (135, 'Y', 'Y', 'Y', 'Y', 5, 1420) ON CONFLICT (id) DO NOTHING;
INSERT INTO clinlims.system_role_module (id, has_select, has_add, has_update, has_delete, system_role_id, system_module_id) VALUES (136, 'Y', 'Y', 'Y', 'Y', 5, 1421) ON CONFLICT (id) DO NOTHING;
INSERT INTO clinlims.system_role_module (id, has_select, has_add, has_update, has_delete, system_role_id, system_module_id) VALUES (137, 'Y', 'Y', 'Y', 'Y', 5, 1422) ON CONFLICT (id) DO NOTHING;
INSERT INTO clinlims.system_role_module (id, has_select, has_add, has_update, has_delete, system_role_id, system_module_id) VALUES (138, 'Y', 'Y', 'Y', 'Y', 5, 1423) ON CONFLICT (id) DO NOTHING;
INSERT INTO clinlims.system_role_module (id, has_select, has_add, has_update, has_delete, system_role_id, system_module_id) VALUES (139, 'Y', 'Y', 'Y', 'Y', 5, 1424) ON CONFLICT (id) DO NOTHING;
INSERT INTO clinlims.system_role_module (id, has_select, has_add, has_update, has_delete, system_role_id, system_module_id) VALUES (140, 'Y', 'Y', 'Y', 'Y', 5, 1425) ON CONFLICT (id) DO NOTHING;
INSERT INTO clinlims.system_role_module (id, has_select, has_add, has_update, has_delete, system_role_id, system_module_id) VALUES (141, 'Y', 'Y', 'Y', 'Y', 5, 427) ON CONFLICT (id) DO NOTHING;
INSERT INTO clinlims.system_role_module (id, has_select, has_add, has_update, has_delete, system_role_id, system_module_id) VALUES (142, 'Y', 'Y', 'Y', 'Y', 10, 1383) ON CONFLICT (id) DO NOTHING;
INSERT INTO clinlims.system_role_module (id, has_select, has_add, has_update, has_delete, system_role_id, system_module_id) VALUES (143, 'Y', 'Y', 'Y', 'Y', 4, 1505) ON CONFLICT (id) DO NOTHING;
INSERT INTO clinlims.system_role_module (id, has_select, has_add, has_update, has_delete, system_role_id, system_module_id) VALUES (144, 'Y', 'Y', 'Y', 'Y', 4, 1506) ON CONFLICT (id) DO NOTHING;
INSERT INTO clinlims.system_role_module (id, has_select, has_add, has_update, has_delete, system_role_id, system_module_id) VALUES (145, 'Y', 'Y', 'Y', 'Y', 4, 1507) ON CONFLICT (id) DO NOTHING;
INSERT INTO clinlims.system_role_module (id, has_select, has_add, has_update, has_delete, system_role_id, system_module_id) VALUES (146, 'Y', 'Y', 'Y', 'Y', 4, 1508) ON CONFLICT (id) DO NOTHING;
INSERT INTO clinlims.system_role_module (id, has_select, has_add, has_update, has_delete, system_role_id, system_module_id) VALUES (147, 'Y', 'Y', 'Y', 'Y', 12, 1509) ON CONFLICT (id) DO NOTHING;
INSERT INTO clinlims.system_role_module (id, has_select, has_add, has_update, has_delete, system_role_id, system_module_id) VALUES (148, 'Y', 'Y', 'Y', 'Y', 12, 1510) ON CONFLICT (id) DO NOTHING;
INSERT INTO clinlims.system_role_module (id, has_select, has_add, has_update, has_delete, system_role_id, system_module_id) VALUES (149, 'Y', 'Y', 'Y', 'Y', 12, 1511) ON CONFLICT (id) DO NOTHING;
INSERT INTO clinlims.system_role_module (id, has_select, has_add, has_update, has_delete, system_role_id, system_module_id) VALUES (150, 'Y', 'Y', 'Y', 'Y', 12, 1513) ON CONFLICT (id) DO NOTHING;
INSERT INTO clinlims.system_role_module (id, has_select, has_add, has_update, has_delete, system_role_id, system_module_id) VALUES (151, 'Y', 'Y', 'Y', 'Y', 12, 1512) ON CONFLICT (id) DO NOTHING;
INSERT INTO clinlims.system_role_module (id, has_select, has_add, has_update, has_delete, system_role_id, system_module_id) VALUES (152, 'Y', 'Y', 'Y', 'Y', 12, 1514) ON CONFLICT (id) DO NOTHING;
INSERT INTO clinlims.system_role_module (id, has_select, has_add, has_update, has_delete, system_role_id, system_module_id) VALUES (153, 'Y', 'Y', 'Y', 'Y', 12, 1515) ON CONFLICT (id) DO NOTHING;
INSERT INTO clinlims.system_role_module (id, has_select, has_add, has_update, has_delete, system_role_id, system_module_id) VALUES (154, 'Y', 'Y', 'Y', 'Y', 12, 1516) ON CONFLICT (id) DO NOTHING;
INSERT INTO clinlims.system_role_module (id, has_select, has_add, has_update, has_delete, system_role_id, system_module_id) VALUES (155, 'Y', 'Y', 'Y', 'Y', 12, 1517) ON CONFLICT (id) DO NOTHING;
INSERT INTO clinlims.system_role_module (id, has_select, has_add, has_update, has_delete, system_role_id, system_module_id) VALUES (156, 'Y', 'Y', 'Y', 'Y', 12, 1518) ON CONFLICT (id) DO NOTHING;
INSERT INTO clinlims.system_role_module (id, has_select, has_add, has_update, has_delete, system_role_id, system_module_id) VALUES (157, 'Y', 'Y', 'Y', 'Y', 12, 1519) ON CONFLICT (id) DO NOTHING;
INSERT INTO clinlims.system_role_module (id, has_select, has_add, has_update, has_delete, system_role_id, system_module_id) VALUES (158, 'Y', 'Y', 'Y', 'Y', 12, 1520) ON CONFLICT (id) DO NOTHING;
INSERT INTO clinlims.system_role_module (id, has_select, has_add, has_update, has_delete, system_role_id, system_module_id) VALUES (159, 'Y', 'Y', 'Y', 'Y', 12, 1521) ON CONFLICT (id) DO NOTHING;
INSERT INTO clinlims.system_role_module (id, has_select, has_add, has_update, has_delete, system_role_id, system_module_id) VALUES (160, 'Y', 'Y', 'Y', 'Y', 67, 1522) ON CONFLICT (id) DO NOTHING;
INSERT INTO clinlims.system_role_module (id, has_select, has_add, has_update, has_delete, system_role_id, system_module_id) VALUES (161, 'Y', 'Y', 'Y', 'Y', 11, 1522) ON CONFLICT (id) DO NOTHING;
INSERT INTO clinlims.system_role_module (id, has_select, has_add, has_update, has_delete, system_role_id, system_module_id) VALUES (162, 'Y', 'Y', 'Y', 'Y', 4, 1522) ON CONFLICT (id) DO NOTHING;
INSERT INTO clinlims.system_role_module (id, has_select, has_add, has_update, has_delete, system_role_id, system_module_id) VALUES (163, 'Y', 'Y', 'Y', 'Y', 1, 1522) ON CONFLICT (id) DO NOTHING;
INSERT INTO clinlims.system_role_module (id, has_select, has_add, has_update, has_delete, system_role_id, system_module_id) VALUES (164, 'Y', 'Y', 'Y', 'Y', 5, 1522) ON CONFLICT (id) DO NOTHING;
INSERT INTO clinlims.system_role_module (id, has_select, has_add, has_update, has_delete, system_role_id, system_module_id) VALUES (165, 'Y', 'Y', 'Y', 'Y', 10, 1522) ON CONFLICT (id) DO NOTHING;
INSERT INTO clinlims.system_role_module (id, has_select, has_add, has_update, has_delete, system_role_id, system_module_id) VALUES (166, 'Y', 'Y', 'Y', 'Y', 66, 1522) ON CONFLICT (id) DO NOTHING;
INSERT INTO clinlims.system_role_module (id, has_select, has_add, has_update, has_delete, system_role_id, system_module_id) VALUES (167, 'Y', 'Y', 'Y', 'Y', 1, 1523) ON CONFLICT (id) DO NOTHING;
INSERT INTO clinlims.system_role_module (id, has_select, has_add, has_update, has_delete, system_role_id, system_module_id) VALUES (168, 'Y', 'Y', 'Y', 'Y', 1, 1524) ON CONFLICT (id) DO NOTHING;
INSERT INTO clinlims.system_role_module (id, has_select, has_add, has_update, has_delete, system_role_id, system_module_id) VALUES (169, 'Y', 'Y', 'Y', 'Y', 1, 1511) ON CONFLICT (id) DO NOTHING;
INSERT INTO clinlims.system_role_module (id, has_select, has_add, has_update, has_delete, system_role_id, system_module_id) VALUES (170, 'Y', 'Y', 'Y', 'Y', 1, 1525) ON CONFLICT (id) DO NOTHING;
INSERT INTO clinlims.system_role_module (id, has_select, has_add, has_update, has_delete, system_role_id, system_module_id) VALUES (171, 'Y', 'Y', 'Y', 'Y', 1, 1526) ON CONFLICT (id) DO NOTHING;
INSERT INTO clinlims.system_role_module (id, has_select, has_add, has_update, has_delete, system_role_id, system_module_id) VALUES (172, 'Y', 'Y', 'Y', 'Y', 1, 1527) ON CONFLICT (id) DO NOTHING;
INSERT INTO clinlims.system_role_module (id, has_select, has_add, has_update, has_delete, system_role_id, system_module_id) VALUES (173, 'Y', 'Y', 'Y', 'Y', 1, 1528) ON CONFLICT (id) DO NOTHING;
INSERT INTO clinlims.system_role_module (id, has_select, has_add, has_update, has_delete, system_role_id, system_module_id) VALUES (174, 'Y', 'Y', 'Y', 'Y', 1, 1529) ON CONFLICT (id) DO NOTHING;
INSERT INTO clinlims.system_role_module (id, has_select, has_add, has_update, has_delete, system_role_id, system_module_id) VALUES (175, 'Y', 'Y', 'Y', 'Y', 1, 1530) ON CONFLICT (id) DO NOTHING;
INSERT INTO clinlims.system_role_module (id, has_select, has_add, has_update, has_delete, system_role_id, system_module_id) VALUES (176, 'Y', 'Y', 'Y', 'Y', 1, 1531) ON CONFLICT (id) DO NOTHING;
INSERT INTO clinlims.system_role_module (id, has_select, has_add, has_update, has_delete, system_role_id, system_module_id) VALUES (177, 'Y', 'Y', 'Y', 'Y', 7, 1531) ON CONFLICT (id) DO NOTHING;
INSERT INTO clinlims.system_role_module (id, has_select, has_add, has_update, has_delete, system_role_id, system_module_id) VALUES (178, 'Y', 'Y', 'Y', 'Y', 10, 1532) ON CONFLICT (id) DO NOTHING;
INSERT INTO clinlims.system_role_module (id, has_select, has_add, has_update, has_delete, system_role_id, system_module_id) VALUES (179, 'Y', 'Y', 'Y', 'Y', 66, 1533) ON CONFLICT (id) DO NOTHING;
INSERT INTO clinlims.system_role_module (id, has_select, has_add, has_update, has_delete, system_role_id, system_module_id) VALUES (180, 'Y', 'Y', 'Y', 'Y', 5, 1533) ON CONFLICT (id) DO NOTHING;
INSERT INTO clinlims.system_role_module (id, has_select, has_add, has_update, has_delete, system_role_id, system_module_id) VALUES (181, 'Y', 'Y', 'Y', 'Y', 9, 1533) ON CONFLICT (id) DO NOTHING;
INSERT INTO clinlims.system_role_module (id, has_select, has_add, has_update, has_delete, system_role_id, system_module_id) VALUES (183, 'Y', 'Y', 'Y', 'Y', 1, 1509) ON CONFLICT (id) DO NOTHING;
INSERT INTO clinlims.system_role_module (id, has_select, has_add, has_update, has_delete, system_role_id, system_module_id) VALUES (184, 'Y', 'Y', 'Y', 'Y', 1, 1510) ON CONFLICT (id) DO NOTHING;
INSERT INTO clinlims.system_role_module (id, has_select, has_add, has_update, has_delete, system_role_id, system_module_id) VALUES (185, 'Y', 'Y', 'Y', 'Y', 1, 1512) ON CONFLICT (id) DO NOTHING;
INSERT INTO clinlims.system_role_module (id, has_select, has_add, has_update, has_delete, system_role_id, system_module_id) VALUES (186, 'Y', 'Y', 'Y', 'Y', 1, 1517) ON CONFLICT (id) DO NOTHING;
INSERT INTO clinlims.system_role_module (id, has_select, has_add, has_update, has_delete, system_role_id, system_module_id) VALUES (187, 'Y', 'Y', 'Y', 'Y', 1, 1395) ON CONFLICT (id) DO NOTHING;
INSERT INTO clinlims.system_role_module (id, has_select, has_add, has_update, has_delete, system_role_id, system_module_id) VALUES (188, 'Y', 'Y', 'Y', 'Y', 1, 1396) ON CONFLICT (id) DO NOTHING;
INSERT INTO clinlims.system_role_module (id, has_select, has_add, has_update, has_delete, system_role_id, system_module_id) VALUES (189, 'Y', 'Y', 'Y', 'Y', 1, 1511) ON CONFLICT (id) DO NOTHING;
INSERT INTO clinlims.system_role_module (id, has_select, has_add, has_update, has_delete, system_role_id, system_module_id) VALUES (190, 'Y', 'Y', 'Y', 'Y', 1, 1512) ON CONFLICT (id) DO NOTHING;
INSERT INTO clinlims.system_role_module (id, has_select, has_add, has_update, has_delete, system_role_id, system_module_id) VALUES (191, 'Y', 'Y', 'Y', 'Y', 1, 1513) ON CONFLICT (id) DO NOTHING;
INSERT INTO clinlims.system_role_module (id, has_select, has_add, has_update, has_delete, system_role_id, system_module_id) VALUES (192, 'Y', 'Y', 'Y', 'Y', 1, 1514) ON CONFLICT (id) DO NOTHING;
INSERT INTO clinlims.system_role_module (id, has_select, has_add, has_update, has_delete, system_role_id, system_module_id) VALUES (193, 'Y', 'Y', 'Y', 'Y', 1, 1515) ON CONFLICT (id) DO NOTHING;
INSERT INTO clinlims.system_role_module (id, has_select, has_add, has_update, has_delete, system_role_id, system_module_id) VALUES (194, 'Y', 'Y', 'Y', 'Y', 1, 1516) ON CONFLICT (id) DO NOTHING;
INSERT INTO clinlims.system_role_module (id, has_select, has_add, has_update, has_delete, system_role_id, system_module_id) VALUES (195, 'Y', 'Y', 'Y', 'Y', 1, 1517) ON CONFLICT (id) DO NOTHING;
INSERT INTO clinlims.system_role_module (id, has_select, has_add, has_update, has_delete, system_role_id, system_module_id) VALUES (196, 'Y', 'Y', 'Y', 'Y', 1, 1518) ON CONFLICT (id) DO NOTHING;
INSERT INTO clinlims.system_role_module (id, has_select, has_add, has_update, has_delete, system_role_id, system_module_id) VALUES (197, 'Y', 'Y', 'Y', 'Y', 1, 1519) ON CONFLICT (id) DO NOTHING;
INSERT INTO clinlims.system_role_module (id, has_select, has_add, has_update, has_delete, system_role_id, system_module_id) VALUES (198, 'Y', 'Y', 'Y', 'Y', 1, 1520) ON CONFLICT (id) DO NOTHING;
INSERT INTO clinlims.system_role_module (id, has_select, has_add, has_update, has_delete, system_role_id, system_module_id) VALUES (199, 'Y', 'Y', 'Y', 'Y', 1, 1521) ON CONFLICT (id) DO NOTHING;
INSERT INTO clinlims.system_role_module (id, has_select, has_add, has_update, has_delete, system_role_id, system_module_id) VALUES (200, 'Y', 'Y', 'Y', 'Y', 1, 14) ON CONFLICT (id) DO NOTHING;
INSERT INTO clinlims.system_role_module (id, has_select, has_add, has_update, has_delete, system_role_id, system_module_id) VALUES (201, 'Y', 'Y', 'Y', 'Y', 10, 107) ON CONFLICT (id) DO NOTHING;
INSERT INTO clinlims.system_role_module (id, has_select, has_add, has_update, has_delete, system_role_id, system_module_id) VALUES (202, 'Y', 'Y', 'Y', 'Y', 4, 1535) ON CONFLICT (id) DO NOTHING;
INSERT INTO clinlims.system_role_module (id, has_select, has_add, has_update, has_delete, system_role_id, system_module_id) VALUES (203, 'Y', 'Y', 'Y', 'Y', 71, 49) ON CONFLICT (id) DO NOTHING;
INSERT INTO clinlims.system_role_module (id, has_select, has_add, has_update, has_delete, system_role_id, system_module_id) VALUES (204, 'Y', 'Y', 'Y', 'Y', 72, 1536) ON CONFLICT (id) DO NOTHING;
INSERT INTO clinlims.system_role_module (id, has_select, has_add, has_update, has_delete, system_role_id, system_module_id) VALUES (205, 'Y', 'Y', 'Y', 'Y', 73, 1537) ON CONFLICT (id) DO NOTHING;
INSERT INTO clinlims.system_role_module (id, has_select, has_add, has_update, has_delete, system_role_id, system_module_id) VALUES (206, 'Y', 'Y', 'Y', 'Y', 1, 1538) ON CONFLICT (id) DO NOTHING;
INSERT INTO clinlims.system_role_module (id, has_select, has_add, has_update, has_delete, system_role_id, system_module_id) VALUES (207, 'Y', 'Y', 'Y', 'N', 4, 1539) ON CONFLICT (id) DO NOTHING;
INSERT INTO clinlims.system_role_module (id, has_select, has_add, has_update, has_delete, system_role_id, system_module_id) VALUES (208, 'Y', 'Y', 'Y', 'N', 5, 1539) ON CONFLICT (id) DO NOTHING;
INSERT INTO clinlims.system_role_module (id, has_select, has_add, has_update, has_delete, system_role_id, system_module_id) VALUES (209, 'Y', 'Y', 'Y', 'Y', 5, 1540) ON CONFLICT (id) DO NOTHING;
INSERT INTO clinlims.system_role_module (id, has_select, has_add, has_update, has_delete, system_role_id, system_module_id) VALUES (210, 'Y', 'Y', 'Y', 'Y', 5, 1541) ON CONFLICT (id) DO NOTHING;
INSERT INTO clinlims.system_role_module (id, has_select, has_add, has_update, has_delete, system_role_id, system_module_id) VALUES (211, 'Y', 'Y', 'Y', 'Y', 10, 1542) ON CONFLICT (id) DO NOTHING;
INSERT INTO clinlims.system_role_module (id, has_select, has_add, has_update, has_delete, system_role_id, system_module_id) VALUES (212, 'Y', 'Y', 'Y', 'Y', 5, 1543) ON CONFLICT (id) DO NOTHING;
INSERT INTO clinlims.system_role_module (id, has_select, has_add, has_update, has_delete, system_role_id, system_module_id) VALUES (213, 'Y', 'Y', 'Y', 'Y', 5, 1544) ON CONFLICT (id) DO NOTHING;
INSERT INTO clinlims.system_role_module (id, has_select, has_add, has_update, has_delete, system_role_id, system_module_id) VALUES (214, 'Y', 'Y', 'Y', 'Y', 10, 1545) ON CONFLICT (id) DO NOTHING;
INSERT INTO clinlims.system_role_module (id, has_select, has_add, has_update, has_delete, system_role_id, system_module_id) VALUES (215, 'Y', 'Y', 'Y', 'Y', 5, 1546) ON CONFLICT (id) DO NOTHING;
INSERT INTO clinlims.system_role_module (id, has_select, has_add, has_update, has_delete, system_role_id, system_module_id) VALUES (216, 'Y', 'Y', 'Y', 'Y', 5, 1547) ON CONFLICT (id) DO NOTHING;
INSERT INTO clinlims.system_role_module (id, has_select, has_add, has_update, has_delete, system_role_id, system_module_id) VALUES (217, 'Y', 'Y', 'Y', 'Y', 10, 1548) ON CONFLICT (id) DO NOTHING;

-- Organization Types
INSERT INTO clinlims.organization_type (id, short_name, description, name_display_key, lastupdated) VALUES (1, 'TestKitVender', 'Organization selling HIV test kits', 'db.organization.type.name.testkit', NOW()) ON CONFLICT (id) DO UPDATE SET short_name = EXCLUDED.short_name, description = EXCLUDED.description, name_display_key = EXCLUDED.name_display_key;
INSERT INTO clinlims.organization_type (id, short_name, description, name_display_key, lastupdated) VALUES (5, 'referring clinic', 'Name of org who can order lab tests', NULL, NOW()) ON CONFLICT (id) DO UPDATE SET short_name = EXCLUDED.short_name, description = EXCLUDED.description, name_display_key = EXCLUDED.name_display_key;
INSERT INTO clinlims.organization_type (id, short_name, description, name_display_key, lastupdated) VALUES (6, 'referralLab', 'An organization to which samples may be sent', 'orgainzation.type.referral.lab', NOW()) ON CONFLICT (id) DO UPDATE SET short_name = EXCLUDED.short_name, description = EXCLUDED.description, name_display_key = EXCLUDED.name_display_key;
INSERT INTO clinlims.organization_type (id, short_name, description, name_display_key, lastupdated) VALUES (7, 'Health District', 'District in region hospital is located', 'organization.type.healt.region', NOW()) ON CONFLICT (id) DO UPDATE SET short_name = EXCLUDED.short_name, description = EXCLUDED.description, name_display_key = EXCLUDED.name_display_key;
INSERT INTO clinlims.organization_type (id, short_name, description, name_display_key, lastupdated) VALUES (8, 'Health Region', 'Region hospital is located', 'organization.type.healt.region', NOW()) ON CONFLICT (id) DO UPDATE SET short_name = EXCLUDED.short_name, description = EXCLUDED.description, name_display_key = EXCLUDED.name_display_key;
INSERT INTO clinlims.organization_type (id, short_name, description, name_display_key, lastupdated) VALUES (9, 'patient referral', 'Clinic which referred the lab', 'organization.type.patient.referral', NOW()) ON CONFLICT (id) DO UPDATE SET short_name = EXCLUDED.short_name, description = EXCLUDED.description, name_display_key = EXCLUDED.name_display_key;
INSERT INTO clinlims.organization_type (id, short_name, description, name_display_key, lastupdated) VALUES (11, 'dept', 'Organisation department', 'sample.entry.project.siteDepartmentName', NOW()) ON CONFLICT (id) DO UPDATE SET short_name = EXCLUDED.short_name, description = EXCLUDED.description, name_display_key = EXCLUDED.name_display_key;

-- Organizations

-- Organization-Type Mappings

-- Localization entries for test sections
INSERT INTO clinlims.localization (id, description, english, french, lastupdated) VALUES (119, 'test unit name', 'Bacteria', 'Bactériologie', NOW()) ON CONFLICT (id) DO UPDATE SET english = EXCLUDED.english, french = EXCLUDED.french;
INSERT INTO clinlims.localization (id, description, english, french, lastupdated) VALUES (120, 'test unit name', 'Parasitology', 'Parasitologie', NOW()) ON CONFLICT (id) DO UPDATE SET english = EXCLUDED.english, french = EXCLUDED.french;
INSERT INTO clinlims.localization (id, description, english, french, lastupdated) VALUES (121, 'test unit name', 'ECBU', 'ECBU', NOW()) ON CONFLICT (id) DO UPDATE SET english = EXCLUDED.english, french = EXCLUDED.french;
INSERT INTO clinlims.localization (id, description, english, french, lastupdated) VALUES (122, 'test unit name', 'VCT', 'VCT', NOW()) ON CONFLICT (id) DO UPDATE SET english = EXCLUDED.english, french = EXCLUDED.french;
INSERT INTO clinlims.localization (id, description, english, french, lastupdated) VALUES (123, 'test unit name', 'Virology', 'Virologie', NOW()) ON CONFLICT (id) DO UPDATE SET english = EXCLUDED.english, french = EXCLUDED.french;
INSERT INTO clinlims.localization (id, description, english, french, lastupdated) VALUES (124, 'test unit name', 'Mycobacteriology', 'Mycobactériologie', NOW()) ON CONFLICT (id) DO UPDATE SET english = EXCLUDED.english, french = EXCLUDED.french;
INSERT INTO clinlims.localization (id, description, english, french, lastupdated) VALUES (125, 'test unit name', 'user', 'user', NOW()) ON CONFLICT (id) DO UPDATE SET english = EXCLUDED.english, french = EXCLUDED.french;
INSERT INTO clinlims.localization (id, description, english, french, lastupdated) VALUES (126, 'test unit name', 'Hemato-Immunology', 'Hémato-Immunologie', NOW()) ON CONFLICT (id) DO UPDATE SET english = EXCLUDED.english, french = EXCLUDED.french;
INSERT INTO clinlims.localization (id, description, english, french, lastupdated) VALUES (127, 'test unit name', 'Biochemistry', 'Biochimie', NOW()) ON CONFLICT (id) DO UPDATE SET english = EXCLUDED.english, french = EXCLUDED.french;
INSERT INTO clinlims.localization (id, description, english, french, lastupdated) VALUES (128, 'test unit name', 'Bioanalytical lab', 'Bioanalytical lab', NOW()) ON CONFLICT (id) DO UPDATE SET english = EXCLUDED.english, french = EXCLUDED.french;
INSERT INTO clinlims.localization (id, description, english, french, lastupdated) VALUES (129, 'test unit name', 'Serology-Immunology', 'Sérologie-Immunologie', NOW()) ON CONFLICT (id) DO UPDATE SET english = EXCLUDED.english, french = EXCLUDED.french;
INSERT INTO clinlims.localization (id, description, english, french, lastupdated) VALUES (130, 'test unit name', 'Immunology', 'Immunologie', NOW()) ON CONFLICT (id) DO UPDATE SET english = EXCLUDED.english, french = EXCLUDED.french;
INSERT INTO clinlims.localization (id, description, english, french, lastupdated) VALUES (131, 'test unit name', 'Molecular Biology', 'Biologie Moléculaire', NOW()) ON CONFLICT (id) DO UPDATE SET english = EXCLUDED.english, french = EXCLUDED.french;
INSERT INTO clinlims.localization (id, description, english, french, lastupdated) VALUES (280, 'test unit name', 'Serology', 'Sérologie', NOW()) ON CONFLICT (id) DO UPDATE SET english = EXCLUDED.english, french = EXCLUDED.french;
INSERT INTO clinlims.localization (id, description, english, french, lastupdated) VALUES (400, 'test unit name', 'EID', 'EID', NOW()) ON CONFLICT (id) DO UPDATE SET english = EXCLUDED.english, french = EXCLUDED.french;
INSERT INTO clinlims.localization (id, description, english, french, lastupdated) VALUES (401, 'test unit name', 'VL', 'VL', NOW()) ON CONFLICT (id) DO UPDATE SET english = EXCLUDED.english, french = EXCLUDED.french;
INSERT INTO clinlims.localization (id, description, english, french, lastupdated) VALUES (435, 'pathology test section', 'Pathology', 'Pathology', NOW()) ON CONFLICT (id) DO UPDATE SET english = EXCLUDED.english, french = EXCLUDED.french;
INSERT INTO clinlims.localization (id, description, english, french, lastupdated) VALUES (439, 'Immunohistochemistry test section', 'Immunohistochemistry', 'Immunohistochemistry', NOW()) ON CONFLICT (id) DO UPDATE SET english = EXCLUDED.english, french = EXCLUDED.french;
INSERT INTO clinlims.localization (id, description, english, french, lastupdated) VALUES (555, 'cytology test section', 'Cytology', 'Cytologie', NOW()) ON CONFLICT (id) DO UPDATE SET english = EXCLUDED.english, french = EXCLUDED.french;
INSERT INTO clinlims.localization (id, description, english, french, lastupdated) VALUES (569, 'test section name', 'Urinalysis', 'Analyse Urinaire', NOW()) ON CONFLICT (id) DO UPDATE SET english = EXCLUDED.english, french = EXCLUDED.french;
INSERT INTO clinlims.localization (id, description, english, french, lastupdated) VALUES (570, 'test section name', 'Microbiology', 'Microbiologie', NOW()) ON CONFLICT (id) DO UPDATE SET english = EXCLUDED.english, french = EXCLUDED.french;
INSERT INTO clinlims.localization (id, description, english, french, lastupdated) VALUES (571, 'test section name', 'Histopathology', 'Histopathologie', NOW()) ON CONFLICT (id) DO UPDATE SET english = EXCLUDED.english, french = EXCLUDED.french;
INSERT INTO clinlims.localization (id, description, english, french, lastupdated) VALUES (625, 'test unit name', 'MNTd', 'mntd', NOW()) ON CONFLICT (id) DO UPDATE SET english = EXCLUDED.english, french = EXCLUDED.french;
INSERT INTO clinlims.localization (id, description, english, french, lastupdated) VALUES (630, 'test unit name', 'Pharmaceuticals', 'Pharmaceuticals', NOW()) ON CONFLICT (id) DO UPDATE SET english = EXCLUDED.english, french = EXCLUDED.french;

-- Test Sections (Departments/Lab Units)
INSERT INTO clinlims.test_section (id, name, description, org_id, is_external, lastupdated, parent_test_section, sort_order, is_active, name_localization_id, display_key) VALUES (36, 'Hematology', 'Hematology Department', NULL, 'N', NOW(), NULL, 1, 'Y', 128, 'testSection.Hematologie') ON CONFLICT (id) DO UPDATE SET name = EXCLUDED.name, description = EXCLUDED.description, is_active = EXCLUDED.is_active, sort_order = EXCLUDED.sort_order, display_key = EXCLUDED.display_key;
INSERT INTO clinlims.test_section (id, name, description, org_id, is_external, lastupdated, parent_test_section, sort_order, is_active, name_localization_id, display_key) VALUES (56, 'Biochemistry', 'Biochemistry Department', NULL, 'N', NOW(), NULL, 2, 'Y', 127, 'testSection.Biochimie') ON CONFLICT (id) DO UPDATE SET name = EXCLUDED.name, description = EXCLUDED.description, is_active = EXCLUDED.is_active, sort_order = EXCLUDED.sort_order, display_key = EXCLUDED.display_key;
INSERT INTO clinlims.test_section (id, name, description, org_id, is_external, lastupdated, parent_test_section, sort_order, is_active, name_localization_id, display_key) VALUES (57, 'Bacteria', 'Bacteria logbook', NULL, 'N', NOW(), NULL, 2147483647, 'N', 119, 'testSection.Bacteriologie') ON CONFLICT (id) DO UPDATE SET name = EXCLUDED.name, description = EXCLUDED.description, is_active = EXCLUDED.is_active, sort_order = EXCLUDED.sort_order, display_key = EXCLUDED.display_key;
INSERT INTO clinlims.test_section (id, name, description, org_id, is_external, lastupdated, parent_test_section, sort_order, is_active, name_localization_id, display_key) VALUES (58, 'Parasitology', 'Parasitology Department', NULL, 'N', NOW(), NULL, 4, 'Y', 120, 'testSection.Parasitologie') ON CONFLICT (id) DO UPDATE SET name = EXCLUDED.name, description = EXCLUDED.description, is_active = EXCLUDED.is_active, sort_order = EXCLUDED.sort_order, display_key = EXCLUDED.display_key;
INSERT INTO clinlims.test_section (id, name, description, org_id, is_external, lastupdated, parent_test_section, sort_order, is_active, name_localization_id, display_key) VALUES (59, 'Immunology', 'Immunology Department', NULL, 'N', NOW(), NULL, 7, 'Y', 130, 'testsection.Immunologie') ON CONFLICT (id) DO UPDATE SET name = EXCLUDED.name, description = EXCLUDED.description, is_active = EXCLUDED.is_active, sort_order = EXCLUDED.sort_order, display_key = EXCLUDED.display_key;
INSERT INTO clinlims.test_section (id, name, description, org_id, is_external, lastupdated, parent_test_section, sort_order, is_active, name_localization_id, display_key) VALUES (60, 'ECBU', 'ECBU logbook', NULL, 'N', NOW(), NULL, 2147483647, 'N', 121, 'testSection.ECBU') ON CONFLICT (id) DO UPDATE SET name = EXCLUDED.name, description = EXCLUDED.description, is_active = EXCLUDED.is_active, sort_order = EXCLUDED.sort_order, display_key = EXCLUDED.display_key;
INSERT INTO clinlims.test_section (id, name, description, org_id, is_external, lastupdated, parent_test_section, sort_order, is_active, name_localization_id, display_key) VALUES (61, 'VCT', 'VCT logbook', NULL, 'N', NOW(), NULL, 2147483647, 'N', 122, 'testSection.VCT') ON CONFLICT (id) DO UPDATE SET name = EXCLUDED.name, description = EXCLUDED.description, is_active = EXCLUDED.is_active, sort_order = EXCLUDED.sort_order, display_key = EXCLUDED.display_key;
INSERT INTO clinlims.test_section (id, name, description, org_id, is_external, lastupdated, parent_test_section, sort_order, is_active, name_localization_id, display_key) VALUES (76, 'Virologie', 'Virologie', NULL, 'N', NOW(), NULL, 2147483647, 'Y', 123, 'testSection.Virologie') ON CONFLICT (id) DO UPDATE SET name = EXCLUDED.name, description = EXCLUDED.description, is_active = EXCLUDED.is_active, sort_order = EXCLUDED.sort_order, display_key = EXCLUDED.display_key;
INSERT INTO clinlims.test_section (id, name, description, org_id, is_external, lastupdated, parent_test_section, sort_order, is_active, name_localization_id, display_key) VALUES (96, 'Mycobacteriology', 'Mycobacteriology', NULL, 'N', NOW(), NULL, 2147483647, 'N', 124, 'testSection.Mycobacteriologie') ON CONFLICT (id) DO UPDATE SET name = EXCLUDED.name, description = EXCLUDED.description, is_active = EXCLUDED.is_active, sort_order = EXCLUDED.sort_order, display_key = EXCLUDED.display_key;
INSERT INTO clinlims.test_section (id, name, description, org_id, is_external, lastupdated, parent_test_section, sort_order, is_active, name_localization_id, display_key) VALUES (97, 'Serology', 'Serology Department', NULL, 'N', NOW(), NULL, 3, 'Y', 280, 'testSection.Serologie') ON CONFLICT (id) DO UPDATE SET name = EXCLUDED.name, description = EXCLUDED.description, is_active = EXCLUDED.is_active, sort_order = EXCLUDED.sort_order, display_key = EXCLUDED.display_key;
INSERT INTO clinlims.test_section (id, name, description, org_id, is_external, lastupdated, parent_test_section, sort_order, is_active, name_localization_id, display_key) VALUES (116, 'Hemto-Immunology', 'Hemto-Immunology test section', NULL, 'N', NOW(), NULL, 2147483647, 'N', 126, 'testSection.Hemato_Immunologie') ON CONFLICT (id) DO UPDATE SET name = EXCLUDED.name, description = EXCLUDED.description, is_active = EXCLUDED.is_active, sort_order = EXCLUDED.sort_order, display_key = EXCLUDED.display_key;
INSERT INTO clinlims.test_section (id, name, description, org_id, is_external, lastupdated, parent_test_section, sort_order, is_active, name_localization_id, display_key) VALUES (117, 'Serology-Immunology', 'Serology-Immunology test section', NULL, 'N', NOW(), NULL, 30, 'Y', 129, 'testSection.Serology-Immunologie') ON CONFLICT (id) DO UPDATE SET name = EXCLUDED.name, description = EXCLUDED.description, is_active = EXCLUDED.is_active, sort_order = EXCLUDED.sort_order, display_key = EXCLUDED.display_key;
INSERT INTO clinlims.test_section (id, name, description, org_id, is_external, lastupdated, parent_test_section, sort_order, is_active, name_localization_id, display_key) VALUES (136, 'Molecular Biology', 'Molecular Biology Department', NULL, 'N', NOW(), NULL, 8, 'Y', 131, NULL) ON CONFLICT (id) DO UPDATE SET name = EXCLUDED.name, description = EXCLUDED.description, is_active = EXCLUDED.is_active, sort_order = EXCLUDED.sort_order, display_key = EXCLUDED.display_key;
INSERT INTO clinlims.test_section (id, name, description, org_id, is_external, lastupdated, parent_test_section, sort_order, is_active, name_localization_id, display_key) VALUES (156, 'user', 'Indicates user will chose test section', NULL, 'N', NOW(), NULL, 2147483647, 'N', 125, NULL) ON CONFLICT (id) DO UPDATE SET name = EXCLUDED.name, description = EXCLUDED.description, is_active = EXCLUDED.is_active, sort_order = EXCLUDED.sort_order, display_key = EXCLUDED.display_key;
INSERT INTO clinlims.test_section (id, name, description, org_id, is_external, lastupdated, parent_test_section, sort_order, is_active, name_localization_id, display_key) VALUES (160, 'EID', 'Virologie_EID', NULL, 'N', NOW(), NULL, 2147483647, 'N', 400, 'testSection.EID') ON CONFLICT (id) DO UPDATE SET name = EXCLUDED.name, description = EXCLUDED.description, is_active = EXCLUDED.is_active, sort_order = EXCLUDED.sort_order, display_key = EXCLUDED.display_key;
INSERT INTO clinlims.test_section (id, name, description, org_id, is_external, lastupdated, parent_test_section, sort_order, is_active, name_localization_id, display_key) VALUES (161, 'VL', 'Virologie_VL', NULL, 'N', NOW(), NULL, 2147483647, 'N', 401, 'testSection.VL') ON CONFLICT (id) DO UPDATE SET name = EXCLUDED.name, description = EXCLUDED.description, is_active = EXCLUDED.is_active, sort_order = EXCLUDED.sort_order, display_key = EXCLUDED.display_key;
INSERT INTO clinlims.test_section (id, name, description, org_id, is_external, lastupdated, parent_test_section, sort_order, is_active, name_localization_id, display_key) VALUES (163, 'Pathology', 'Pathology Department', NULL, 'N', NOW(), NULL, 2147483647, 'Y', 435, 'testsection.Pathology') ON CONFLICT (id) DO UPDATE SET name = EXCLUDED.name, description = EXCLUDED.description, is_active = EXCLUDED.is_active, sort_order = EXCLUDED.sort_order, display_key = EXCLUDED.display_key;
INSERT INTO clinlims.test_section (id, name, description, org_id, is_external, lastupdated, parent_test_section, sort_order, is_active, name_localization_id, display_key) VALUES (164, 'Immunohistochemistry', 'Immunohistochemistry Department', NULL, 'N', NOW(), NULL, 2147483647, 'Y', 439, 'testsection.Immunohistochemistry') ON CONFLICT (id) DO UPDATE SET name = EXCLUDED.name, description = EXCLUDED.description, is_active = EXCLUDED.is_active, sort_order = EXCLUDED.sort_order, display_key = EXCLUDED.display_key;
INSERT INTO clinlims.test_section (id, name, description, org_id, is_external, lastupdated, parent_test_section, sort_order, is_active, name_localization_id, display_key) VALUES (165, 'Cytology', 'Cytology Department', NULL, 'N', NOW(), NULL, 9, 'Y', 555, 'testsection.Cytologyy') ON CONFLICT (id) DO UPDATE SET name = EXCLUDED.name, description = EXCLUDED.description, is_active = EXCLUDED.is_active, sort_order = EXCLUDED.sort_order, display_key = EXCLUDED.display_key;
INSERT INTO clinlims.test_section (id, name, description, org_id, is_external, lastupdated, parent_test_section, sort_order, is_active, name_localization_id, display_key) VALUES (166, 'Urinalysis', 'Urinalysis Department', NULL, 'N', NOW(), NULL, 5, 'Y', 569, NULL) ON CONFLICT (id) DO UPDATE SET name = EXCLUDED.name, description = EXCLUDED.description, is_active = EXCLUDED.is_active, sort_order = EXCLUDED.sort_order, display_key = EXCLUDED.display_key;
INSERT INTO clinlims.test_section (id, name, description, org_id, is_external, lastupdated, parent_test_section, sort_order, is_active, name_localization_id, display_key) VALUES (167, 'Microbiology', 'Microbiology Department', NULL, 'N', NOW(), NULL, 6, 'Y', 570, NULL) ON CONFLICT (id) DO UPDATE SET name = EXCLUDED.name, description = EXCLUDED.description, is_active = EXCLUDED.is_active, sort_order = EXCLUDED.sort_order, display_key = EXCLUDED.display_key;
INSERT INTO clinlims.test_section (id, name, description, org_id, is_external, lastupdated, parent_test_section, sort_order, is_active, name_localization_id, display_key) VALUES (168, 'Histopathology', 'Histopathology Department', NULL, 'N', NOW(), NULL, 10, 'Y', 571, NULL) ON CONFLICT (id) DO UPDATE SET name = EXCLUDED.name, description = EXCLUDED.description, is_active = EXCLUDED.is_active, sort_order = EXCLUDED.sort_order, display_key = EXCLUDED.display_key;
INSERT INTO clinlims.test_section (id, name, description, org_id, is_external, lastupdated, parent_test_section, sort_order, is_active, name_localization_id, display_key) VALUES (183, 'MNTd', 'MNTd', NULL, NULL, NOW(), NULL, 2147483647, 'Y', 625, 'testSection.MNTd') ON CONFLICT (id) DO UPDATE SET name = EXCLUDED.name, description = EXCLUDED.description, is_active = EXCLUDED.is_active, sort_order = EXCLUDED.sort_order, display_key = EXCLUDED.display_key;
INSERT INTO clinlims.test_section (id, name, description, org_id, is_external, lastupdated, parent_test_section, sort_order, is_active, name_localization_id, display_key) VALUES (224, 'Pharmaceuticals', 'Pharmaceuticals', NULL, NULL, NOW(), NULL, 2147483647, 'Y', 630, 'testSection.Pharmaceuticals') ON CONFLICT (id) DO UPDATE SET name = EXCLUDED.name, description = EXCLUDED.description, is_active = EXCLUDED.is_active, sort_order = EXCLUDED.sort_order, display_key = EXCLUDED.display_key;

-- Units of Measure
INSERT INTO clinlims.unit_of_measure (id, name, description, lastupdated) VALUES (1, 'ppl', 'ppl', NOW()) ON CONFLICT (id) DO UPDATE SET name = EXCLUDED.name, description = EXCLUDED.description;
INSERT INTO clinlims.unit_of_measure (id, name, description, lastupdated) VALUES (5, '%', '%', NOW()) ON CONFLICT (id) DO UPDATE SET name = EXCLUDED.name, description = EXCLUDED.description;
INSERT INTO clinlims.unit_of_measure (id, name, description, lastupdated) VALUES (6, 'ppm', 'ppm', NOW()) ON CONFLICT (id) DO UPDATE SET name = EXCLUDED.name, description = EXCLUDED.description;
INSERT INTO clinlims.unit_of_measure (id, name, description, lastupdated) VALUES (7, 'mm3', 'mm3', NOW()) ON CONFLICT (id) DO UPDATE SET name = EXCLUDED.name, description = EXCLUDED.description;
INSERT INTO clinlims.unit_of_measure (id, name, description, lastupdated) VALUES (8, 'mg/dl', 'mg/dl', NOW()) ON CONFLICT (id) DO UPDATE SET name = EXCLUDED.name, description = EXCLUDED.description;
INSERT INTO clinlims.unit_of_measure (id, name, description, lastupdated) VALUES (9, 'mlU/ml', 'mlU/ml', NOW()) ON CONFLICT (id) DO UPDATE SET name = EXCLUDED.name, description = EXCLUDED.description;
INSERT INTO clinlims.unit_of_measure (id, name, description, lastupdated) VALUES (10, 'u/L', 'u/L', NOW()) ON CONFLICT (id) DO UPDATE SET name = EXCLUDED.name, description = EXCLUDED.description;
INSERT INTO clinlims.unit_of_measure (id, name, description, lastupdated) VALUES (11, 'ug/dL', 'ug/dL', NOW()) ON CONFLICT (id) DO UPDATE SET name = EXCLUDED.name, description = EXCLUDED.description;
INSERT INTO clinlims.unit_of_measure (id, name, description, lastupdated) VALUES (12, 'g/dl', 'g/dl', NOW()) ON CONFLICT (id) DO UPDATE SET name = EXCLUDED.name, description = EXCLUDED.description;
INSERT INTO clinlims.unit_of_measure (id, name, description, lastupdated) VALUES (13, 'million/uL', 'million/uL', NOW()) ON CONFLICT (id) DO UPDATE SET name = EXCLUDED.name, description = EXCLUDED.description;
INSERT INTO clinlims.unit_of_measure (id, name, description, lastupdated) VALUES (14, 'mille/mm^3', 'mille/mm^3', NOW()) ON CONFLICT (id) DO UPDATE SET name = EXCLUDED.name, description = EXCLUDED.description;
INSERT INTO clinlims.unit_of_measure (id, name, description, lastupdated) VALUES (15, 'K/mm^3', 'K/mm^3', NOW()) ON CONFLICT (id) DO UPDATE SET name = EXCLUDED.name, description = EXCLUDED.description;
INSERT INTO clinlims.unit_of_measure (id, name, description, lastupdated) VALUES (16, 'pg', 'pg', NOW()) ON CONFLICT (id) DO UPDATE SET name = EXCLUDED.name, description = EXCLUDED.description;
INSERT INTO clinlims.unit_of_measure (id, name, description, lastupdated) VALUES (17, 'mns', 'mns', NOW()) ON CONFLICT (id) DO UPDATE SET name = EXCLUDED.name, description = EXCLUDED.description;
INSERT INTO clinlims.unit_of_measure (id, name, description, lastupdated) VALUES (18, 'micron^3', 'microns^3', NOW()) ON CONFLICT (id) DO UPDATE SET name = EXCLUDED.name, description = EXCLUDED.description;
INSERT INTO clinlims.unit_of_measure (id, name, description, lastupdated) VALUES (19, 'cp/mL', 'cp/mL', NOW()) ON CONFLICT (id) DO UPDATE SET name = EXCLUDED.name, description = EXCLUDED.description;
INSERT INTO clinlims.unit_of_measure (id, name, description, lastupdated) VALUES (20, 'ui/ml', 'ui/ml', NOW()) ON CONFLICT (id) DO UPDATE SET name = EXCLUDED.name, description = EXCLUDED.description;
INSERT INTO clinlims.unit_of_measure (id, name, description, lastupdated) VALUES (21, 'mU/ml', 'mU/ml', NOW()) ON CONFLICT (id) DO UPDATE SET name = EXCLUDED.name, description = EXCLUDED.description;
INSERT INTO clinlims.unit_of_measure (id, name, description, lastupdated) VALUES (22, 'mm/h', 'mm/h', NOW()) ON CONFLICT (id) DO UPDATE SET name = EXCLUDED.name, description = EXCLUDED.description;
INSERT INTO clinlims.unit_of_measure (id, name, description, lastupdated) VALUES (23, 'Vol%', 'Vol%', NOW()) ON CONFLICT (id) DO UPDATE SET name = EXCLUDED.name, description = EXCLUDED.description;
INSERT INTO clinlims.unit_of_measure (id, name, description, lastupdated) VALUES (24, 'million/mm^3', 'million/mm^3', NOW()) ON CONFLICT (id) DO UPDATE SET name = EXCLUDED.name, description = EXCLUDED.description;
INSERT INTO clinlims.unit_of_measure (id, name, description, lastupdated) VALUES (25, 'g/l', 'g/l', NOW()) ON CONFLICT (id) DO UPDATE SET name = EXCLUDED.name, description = EXCLUDED.description;
INSERT INTO clinlims.unit_of_measure (id, name, description, lastupdated) VALUES (26, 'Ul/l', 'UI/l', NOW()) ON CONFLICT (id) DO UPDATE SET name = EXCLUDED.name, description = EXCLUDED.description;
INSERT INTO clinlims.unit_of_measure (id, name, description, lastupdated) VALUES (27, 'mg/l', 'mg/l', NOW()) ON CONFLICT (id) DO UPDATE SET name = EXCLUDED.name, description = EXCLUDED.description;
INSERT INTO clinlims.unit_of_measure (id, name, description, lastupdated) VALUES (28, 'ug/l', 'ug/l', NOW()) ON CONFLICT (id) DO UPDATE SET name = EXCLUDED.name, description = EXCLUDED.description;
INSERT INTO clinlims.unit_of_measure (id, name, description, lastupdated) VALUES (29, 'UI/L', 'UI/L', NOW()) ON CONFLICT (id) DO UPDATE SET name = EXCLUDED.name, description = EXCLUDED.description;
INSERT INTO clinlims.unit_of_measure (id, name, description, lastupdated) VALUES (30, 'copies/ml', 'copies/ml', NOW()) ON CONFLICT (id) DO UPDATE SET name = EXCLUDED.name, description = EXCLUDED.description;
INSERT INTO clinlims.unit_of_measure (id, name, description, lastupdated) VALUES (31, 'mille/mm3', 'mille/mm3', NOW()) ON CONFLICT (id) DO UPDATE SET name = EXCLUDED.name, description = EXCLUDED.description;
INSERT INTO clinlims.unit_of_measure (id, name, description, lastupdated) VALUES (32, 'fl', 'fl', NOW()) ON CONFLICT (id) DO UPDATE SET name = EXCLUDED.name, description = EXCLUDED.description;
INSERT INTO clinlims.unit_of_measure (id, name, description, lastupdated) VALUES (33, '/mm3', '/mm3', NOW()) ON CONFLICT (id) DO UPDATE SET name = EXCLUDED.name, description = EXCLUDED.description;
INSERT INTO clinlims.unit_of_measure (id, name, description, lastupdated) VALUES (34, 'Copies/ml', 'Copies/ml', NOW()) ON CONFLICT (id) DO UPDATE SET name = EXCLUDED.name, description = EXCLUDED.description;
INSERT INTO clinlims.unit_of_measure (id, name, description, lastupdated) VALUES (35, 'μl', 'μl', NOW()) ON CONFLICT (id) DO UPDATE SET name = EXCLUDED.name, description = EXCLUDED.description;
INSERT INTO clinlims.unit_of_measure (id, name, description, lastupdated) VALUES (36, 'million/mm3', 'million/mm3', NOW()) ON CONFLICT (id) DO UPDATE SET name = EXCLUDED.name, description = EXCLUDED.description;
INSERT INTO clinlims.unit_of_measure (id, name, description, lastupdated) VALUES (37, 'g/dL', 'g/dL', NOW()) ON CONFLICT (id) DO UPDATE SET name = EXCLUDED.name, description = EXCLUDED.description;
INSERT INTO clinlims.unit_of_measure (id, name, description, lastupdated) VALUES (39, '10^3/µl', '10^3/µl', NOW()) ON CONFLICT (id) DO UPDATE SET name = EXCLUDED.name, description = EXCLUDED.description;
INSERT INTO clinlims.unit_of_measure (id, name, description, lastupdated) VALUES (41, '10^6/µl', '10^6/µl', NOW()) ON CONFLICT (id) DO UPDATE SET name = EXCLUDED.name, description = EXCLUDED.description;
INSERT INTO clinlims.unit_of_measure (id, name, description, lastupdated) VALUES (45, 'Cell/µl', 'Cell/µl', NOW()) ON CONFLICT (id) DO UPDATE SET name = EXCLUDED.name, description = EXCLUDED.description;
INSERT INTO clinlims.unit_of_measure (id, name, description, lastupdated) VALUES (47, 'contener ', 'contener ', NOW()) ON CONFLICT (id) DO UPDATE SET name = EXCLUDED.name, description = EXCLUDED.description;

-- Login Users (with password hashes)
INSERT INTO clinlims.login_user (id, login_name, password, password_expired_dt, account_locked, account_disabled, is_admin, user_time_out) VALUES (2, 'admin', '$2a$12$G.ie.iZuxFu7DKVtIkvpyu/jg9dulZIsgfu6EfY5E05OWJnvOhC6W', '2030-12-16', 'N', 'N', 'Y', '220') ON CONFLICT (id) DO UPDATE SET login_name = EXCLUDED.login_name, password = EXCLUDED.password, account_locked = EXCLUDED.account_locked, account_disabled = EXCLUDED.account_disabled, is_admin = EXCLUDED.is_admin;
INSERT INTO clinlims.login_user (id, login_name, password, password_expired_dt, account_locked, account_disabled, is_admin, user_time_out) VALUES (3, 'reagan', '$2a$12$.OJZoKKokjkEd7tKGNRbB.X5aJCW5WFJgb5siVKJQt8FVUn/hyQ56', '2035-12-17', 'N', 'N', 'N', '480') ON CONFLICT (id) DO UPDATE SET login_name = EXCLUDED.login_name, password = EXCLUDED.password, account_locked = EXCLUDED.account_locked, account_disabled = EXCLUDED.account_disabled, is_admin = EXCLUDED.is_admin;
INSERT INTO clinlims.login_user (id, login_name, password, password_expired_dt, account_locked, account_disabled, is_admin, user_time_out) VALUES (4, 'MNTD', '$2a$12$6DyANEXugZclCqAv77JwOO/uj1.zGjeyITHHMQv4Qcpy4ZDZaCvQO', '2035-12-17', 'N', 'N', 'N', '480') ON CONFLICT (id) DO UPDATE SET login_name = EXCLUDED.login_name, password = EXCLUDED.password, account_locked = EXCLUDED.account_locked, account_disabled = EXCLUDED.account_disabled, is_admin = EXCLUDED.is_admin;
INSERT INTO clinlims.login_user (id, login_name, password, password_expired_dt, account_locked, account_disabled, is_admin, user_time_out) VALUES (5, 'Pharma', '$2a$12$vJtE2vMk9LNA32LhM1J3ROWzg88FQ6.C1IRHfvjqzV1Wj0UK/hKgi', '2035-12-17', 'N', 'N', 'N', '480') ON CONFLICT (id) DO UPDATE SET login_name = EXCLUDED.login_name, password = EXCLUDED.password, account_locked = EXCLUDED.account_locked, account_disabled = EXCLUDED.account_disabled, is_admin = EXCLUDED.is_admin;
INSERT INTO clinlims.login_user (id, login_name, password, password_expired_dt, account_locked, account_disabled, is_admin, user_time_out) VALUES (7, 'IMMUNO', '$2a$12$CeSSDxOodZp1v.NDP9OwYeOXvwdK09Zef2mK9hfeh2OYWdh8u37BO', '2035-12-17', 'N', 'N', 'N', '480') ON CONFLICT (id) DO UPDATE SET login_name = EXCLUDED.login_name, password = EXCLUDED.password, account_locked = EXCLUDED.account_locked, account_disabled = EXCLUDED.account_disabled, is_admin = EXCLUDED.is_admin;
INSERT INTO clinlims.login_user (id, login_name, password, password_expired_dt, account_locked, account_disabled, is_admin, user_time_out) VALUES (8, 'test', '$2a$12$LcLyP0YJ.HG0RVaI5ZbME.Ho5GGUv71mklCnGymtssqFhQP2z8qPS', '2035-12-17', 'N', 'N', 'N', '480') ON CONFLICT (id) DO UPDATE SET login_name = EXCLUDED.login_name, password = EXCLUDED.password, account_locked = EXCLUDED.account_locked, account_disabled = EXCLUDED.account_disabled, is_admin = EXCLUDED.is_admin;

-- System Users
INSERT INTO clinlims.system_user (id, external_id, login_name, last_name, first_name, initials, is_active, is_employee, lastupdated) VALUES (1, '1', 'admin', 'ELIS', 'Open', 'OE', 'Y', 'Y', NOW()) ON CONFLICT (id) DO UPDATE SET login_name = EXCLUDED.login_name, last_name = EXCLUDED.last_name, first_name = EXCLUDED.first_name, is_active = EXCLUDED.is_active;
INSERT INTO clinlims.system_user (id, external_id, login_name, last_name, first_name, initials, is_active, is_employee, lastupdated) VALUES (109, '1', 'serviceUser', 'External', 'Service', NULL, 'N', 'N', NOW()) ON CONFLICT (id) DO UPDATE SET login_name = EXCLUDED.login_name, last_name = EXCLUDED.last_name, first_name = EXCLUDED.first_name, is_active = EXCLUDED.is_active;
INSERT INTO clinlims.system_user (id, external_id, login_name, last_name, first_name, initials, is_active, is_employee, lastupdated) VALUES (111, '1', 'reagan', 'Patrick', 'Reagan', 'RP', 'Y', 'Y', NOW()) ON CONFLICT (id) DO UPDATE SET login_name = EXCLUDED.login_name, last_name = EXCLUDED.last_name, first_name = EXCLUDED.first_name, is_active = EXCLUDED.is_active;
INSERT INTO clinlims.system_user (id, external_id, login_name, last_name, first_name, initials, is_active, is_employee, lastupdated) VALUES (112, '1', 'MNTD', 'MNTD', 'MNTD', 'MM', 'Y', 'Y', NOW()) ON CONFLICT (id) DO UPDATE SET login_name = EXCLUDED.login_name, last_name = EXCLUDED.last_name, first_name = EXCLUDED.first_name, is_active = EXCLUDED.is_active;
INSERT INTO clinlims.system_user (id, external_id, login_name, last_name, first_name, initials, is_active, is_employee, lastupdated) VALUES (113, '1', 'Pharma', 'Pharma', 'Pharma', 'PP', 'Y', 'Y', NOW()) ON CONFLICT (id) DO UPDATE SET login_name = EXCLUDED.login_name, last_name = EXCLUDED.last_name, first_name = EXCLUDED.first_name, is_active = EXCLUDED.is_active;
INSERT INTO clinlims.system_user (id, external_id, login_name, last_name, first_name, initials, is_active, is_employee, lastupdated) VALUES (115, '1', 'IMMUNO', 'IMMUNO', 'IMMUNO', 'II', 'Y', 'Y', NOW()) ON CONFLICT (id) DO UPDATE SET login_name = EXCLUDED.login_name, last_name = EXCLUDED.last_name, first_name = EXCLUDED.first_name, is_active = EXCLUDED.is_active;
INSERT INTO clinlims.system_user (id, external_id, login_name, last_name, first_name, initials, is_active, is_employee, lastupdated) VALUES (116, '1', 'test', 'TEST', 'test', 'tT', 'Y', 'Y', NOW()) ON CONFLICT (id) DO UPDATE SET login_name = EXCLUDED.login_name, last_name = EXCLUDED.last_name, first_name = EXCLUDED.first_name, is_active = EXCLUDED.is_active;

-- User Role Assignments
INSERT INTO clinlims.system_user_role (system_user_id, role_id) VALUES (1, 1) ON CONFLICT DO NOTHING;
INSERT INTO clinlims.system_user_role (system_user_id, role_id) VALUES (1, 2) ON CONFLICT DO NOTHING;
INSERT INTO clinlims.system_user_role (system_user_id, role_id) VALUES (1, 4) ON CONFLICT DO NOTHING;
INSERT INTO clinlims.system_user_role (system_user_id, role_id) VALUES (1, 5) ON CONFLICT DO NOTHING;
INSERT INTO clinlims.system_user_role (system_user_id, role_id) VALUES (1, 7) ON CONFLICT DO NOTHING;
INSERT INTO clinlims.system_user_role (system_user_id, role_id) VALUES (1, 10) ON CONFLICT DO NOTHING;
INSERT INTO clinlims.system_user_role (system_user_id, role_id) VALUES (1, 11) ON CONFLICT DO NOTHING;
INSERT INTO clinlims.system_user_role (system_user_id, role_id) VALUES (1, 71) ON CONFLICT DO NOTHING;
INSERT INTO clinlims.system_user_role (system_user_id, role_id) VALUES (1, 72) ON CONFLICT DO NOTHING;
INSERT INTO clinlims.system_user_role (system_user_id, role_id) VALUES (1, 73) ON CONFLICT DO NOTHING;
INSERT INTO clinlims.system_user_role (system_user_id, role_id) VALUES (111, 4) ON CONFLICT DO NOTHING;
INSERT INTO clinlims.system_user_role (system_user_id, role_id) VALUES (111, 5) ON CONFLICT DO NOTHING;
INSERT INTO clinlims.system_user_role (system_user_id, role_id) VALUES (111, 7) ON CONFLICT DO NOTHING;
INSERT INTO clinlims.system_user_role (system_user_id, role_id) VALUES (111, 10) ON CONFLICT DO NOTHING;
INSERT INTO clinlims.system_user_role (system_user_id, role_id) VALUES (111, 11) ON CONFLICT DO NOTHING;
INSERT INTO clinlims.system_user_role (system_user_id, role_id) VALUES (111, 71) ON CONFLICT DO NOTHING;
INSERT INTO clinlims.system_user_role (system_user_id, role_id) VALUES (111, 72) ON CONFLICT DO NOTHING;
INSERT INTO clinlims.system_user_role (system_user_id, role_id) VALUES (111, 73) ON CONFLICT DO NOTHING;
INSERT INTO clinlims.system_user_role (system_user_id, role_id) VALUES (112, 4) ON CONFLICT DO NOTHING;
INSERT INTO clinlims.system_user_role (system_user_id, role_id) VALUES (112, 5) ON CONFLICT DO NOTHING;
INSERT INTO clinlims.system_user_role (system_user_id, role_id) VALUES (112, 7) ON CONFLICT DO NOTHING;
INSERT INTO clinlims.system_user_role (system_user_id, role_id) VALUES (112, 10) ON CONFLICT DO NOTHING;
INSERT INTO clinlims.system_user_role (system_user_id, role_id) VALUES (112, 11) ON CONFLICT DO NOTHING;
INSERT INTO clinlims.system_user_role (system_user_id, role_id) VALUES (112, 71) ON CONFLICT DO NOTHING;
INSERT INTO clinlims.system_user_role (system_user_id, role_id) VALUES (113, 4) ON CONFLICT DO NOTHING;
INSERT INTO clinlims.system_user_role (system_user_id, role_id) VALUES (113, 5) ON CONFLICT DO NOTHING;
INSERT INTO clinlims.system_user_role (system_user_id, role_id) VALUES (113, 7) ON CONFLICT DO NOTHING;
INSERT INTO clinlims.system_user_role (system_user_id, role_id) VALUES (113, 10) ON CONFLICT DO NOTHING;
INSERT INTO clinlims.system_user_role (system_user_id, role_id) VALUES (113, 11) ON CONFLICT DO NOTHING;
INSERT INTO clinlims.system_user_role (system_user_id, role_id) VALUES (113, 71) ON CONFLICT DO NOTHING;
INSERT INTO clinlims.system_user_role (system_user_id, role_id) VALUES (115, 4) ON CONFLICT DO NOTHING;
INSERT INTO clinlims.system_user_role (system_user_id, role_id) VALUES (115, 5) ON CONFLICT DO NOTHING;
INSERT INTO clinlims.system_user_role (system_user_id, role_id) VALUES (115, 7) ON CONFLICT DO NOTHING;
INSERT INTO clinlims.system_user_role (system_user_id, role_id) VALUES (115, 10) ON CONFLICT DO NOTHING;
INSERT INTO clinlims.system_user_role (system_user_id, role_id) VALUES (115, 11) ON CONFLICT DO NOTHING;
INSERT INTO clinlims.system_user_role (system_user_id, role_id) VALUES (115, 71) ON CONFLICT DO NOTHING;
INSERT INTO clinlims.system_user_role (system_user_id, role_id) VALUES (115, 72) ON CONFLICT DO NOTHING;
INSERT INTO clinlims.system_user_role (system_user_id, role_id) VALUES (115, 73) ON CONFLICT DO NOTHING;
INSERT INTO clinlims.system_user_role (system_user_id, role_id) VALUES (116, 4) ON CONFLICT DO NOTHING;
INSERT INTO clinlims.system_user_role (system_user_id, role_id) VALUES (116, 5) ON CONFLICT DO NOTHING;
INSERT INTO clinlims.system_user_role (system_user_id, role_id) VALUES (116, 7) ON CONFLICT DO NOTHING;
INSERT INTO clinlims.system_user_role (system_user_id, role_id) VALUES (116, 10) ON CONFLICT DO NOTHING;
INSERT INTO clinlims.system_user_role (system_user_id, role_id) VALUES (116, 11) ON CONFLICT DO NOTHING;
INSERT INTO clinlims.system_user_role (system_user_id, role_id) VALUES (116, 71) ON CONFLICT DO NOTHING;
INSERT INTO clinlims.system_user_role (system_user_id, role_id) VALUES (116, 72) ON CONFLICT DO NOTHING;
INSERT INTO clinlims.system_user_role (system_user_id, role_id) VALUES (116, 73) ON CONFLICT DO NOTHING;

-- User Section (Department) Permissions

-- User Module Permissions

-- User Lab Unit Roles Container
INSERT INTO clinlims.user_lab_unit_roles (system_user_id, last_updated) VALUES (1, NOW()) ON CONFLICT (system_user_id) DO NOTHING;
INSERT INTO clinlims.user_lab_unit_roles (system_user_id, last_updated) VALUES (111, NOW()) ON CONFLICT (system_user_id) DO NOTHING;
INSERT INTO clinlims.user_lab_unit_roles (system_user_id, last_updated) VALUES (112, NOW()) ON CONFLICT (system_user_id) DO NOTHING;
INSERT INTO clinlims.user_lab_unit_roles (system_user_id, last_updated) VALUES (113, NOW()) ON CONFLICT (system_user_id) DO NOTHING;
INSERT INTO clinlims.user_lab_unit_roles (system_user_id, last_updated) VALUES (115, NOW()) ON CONFLICT (system_user_id) DO NOTHING;
INSERT INTO clinlims.user_lab_unit_roles (system_user_id, last_updated) VALUES (116, NOW()) ON CONFLICT (system_user_id) DO NOTHING;

-- Lab Unit Role Map
INSERT INTO clinlims.lab_unit_role_map (lab_unit_role_map_id, lab_unit) VALUES (1, 'AllLabUnits') ON CONFLICT (lab_unit_role_map_id) DO NOTHING;
INSERT INTO clinlims.lab_unit_role_map (lab_unit_role_map_id, lab_unit) VALUES (4820, '58') ON CONFLICT (lab_unit_role_map_id) DO NOTHING;
INSERT INTO clinlims.lab_unit_role_map (lab_unit_role_map_id, lab_unit) VALUES (4841, 'AllLabUnits') ON CONFLICT (lab_unit_role_map_id) DO NOTHING;
INSERT INTO clinlims.lab_unit_role_map (lab_unit_role_map_id, lab_unit) VALUES (4842, 'AllLabUnits') ON CONFLICT (lab_unit_role_map_id) DO NOTHING;
INSERT INTO clinlims.lab_unit_role_map (lab_unit_role_map_id, lab_unit) VALUES (4862, '224') ON CONFLICT (lab_unit_role_map_id) DO NOTHING;
INSERT INTO clinlims.lab_unit_role_map (lab_unit_role_map_id, lab_unit) VALUES (4863, '183') ON CONFLICT (lab_unit_role_map_id) DO NOTHING;
INSERT INTO clinlims.lab_unit_role_map (lab_unit_role_map_id, lab_unit) VALUES (4880, '183') ON CONFLICT (lab_unit_role_map_id) DO NOTHING;
INSERT INTO clinlims.lab_unit_role_map (lab_unit_role_map_id, lab_unit) VALUES (4881, 'AllLabUnits') ON CONFLICT (lab_unit_role_map_id) DO NOTHING;
INSERT INTO clinlims.lab_unit_role_map (lab_unit_role_map_id, lab_unit) VALUES (4882, '224') ON CONFLICT (lab_unit_role_map_id) DO NOTHING;

-- Lab Roles (roles within lab units)
INSERT INTO clinlims.lab_roles (lab_unit_role_map_id, role) VALUES (1, '10') ON CONFLICT DO NOTHING;
INSERT INTO clinlims.lab_roles (lab_unit_role_map_id, role) VALUES (1, '4') ON CONFLICT DO NOTHING;
INSERT INTO clinlims.lab_roles (lab_unit_role_map_id, role) VALUES (1, '5') ON CONFLICT DO NOTHING;
INSERT INTO clinlims.lab_roles (lab_unit_role_map_id, role) VALUES (1, '7') ON CONFLICT DO NOTHING;
INSERT INTO clinlims.lab_roles (lab_unit_role_map_id, role) VALUES (4820, '10') ON CONFLICT DO NOTHING;
INSERT INTO clinlims.lab_roles (lab_unit_role_map_id, role) VALUES (4820, '4') ON CONFLICT DO NOTHING;
INSERT INTO clinlims.lab_roles (lab_unit_role_map_id, role) VALUES (4820, '5') ON CONFLICT DO NOTHING;
INSERT INTO clinlims.lab_roles (lab_unit_role_map_id, role) VALUES (4820, '7') ON CONFLICT DO NOTHING;
INSERT INTO clinlims.lab_roles (lab_unit_role_map_id, role) VALUES (4841, '10') ON CONFLICT DO NOTHING;
INSERT INTO clinlims.lab_roles (lab_unit_role_map_id, role) VALUES (4841, '4') ON CONFLICT DO NOTHING;
INSERT INTO clinlims.lab_roles (lab_unit_role_map_id, role) VALUES (4841, '5') ON CONFLICT DO NOTHING;
INSERT INTO clinlims.lab_roles (lab_unit_role_map_id, role) VALUES (4841, '7') ON CONFLICT DO NOTHING;
INSERT INTO clinlims.lab_roles (lab_unit_role_map_id, role) VALUES (4842, '10') ON CONFLICT DO NOTHING;
INSERT INTO clinlims.lab_roles (lab_unit_role_map_id, role) VALUES (4842, '4') ON CONFLICT DO NOTHING;
INSERT INTO clinlims.lab_roles (lab_unit_role_map_id, role) VALUES (4842, '5') ON CONFLICT DO NOTHING;
INSERT INTO clinlims.lab_roles (lab_unit_role_map_id, role) VALUES (4842, '7') ON CONFLICT DO NOTHING;
INSERT INTO clinlims.lab_roles (lab_unit_role_map_id, role) VALUES (4862, '10') ON CONFLICT DO NOTHING;
INSERT INTO clinlims.lab_roles (lab_unit_role_map_id, role) VALUES (4862, '4') ON CONFLICT DO NOTHING;
INSERT INTO clinlims.lab_roles (lab_unit_role_map_id, role) VALUES (4862, '5') ON CONFLICT DO NOTHING;
INSERT INTO clinlims.lab_roles (lab_unit_role_map_id, role) VALUES (4862, '7') ON CONFLICT DO NOTHING;
INSERT INTO clinlims.lab_roles (lab_unit_role_map_id, role) VALUES (4863, '10') ON CONFLICT DO NOTHING;
INSERT INTO clinlims.lab_roles (lab_unit_role_map_id, role) VALUES (4863, '4') ON CONFLICT DO NOTHING;
INSERT INTO clinlims.lab_roles (lab_unit_role_map_id, role) VALUES (4863, '5') ON CONFLICT DO NOTHING;
INSERT INTO clinlims.lab_roles (lab_unit_role_map_id, role) VALUES (4863, '7') ON CONFLICT DO NOTHING;
INSERT INTO clinlims.lab_roles (lab_unit_role_map_id, role) VALUES (4880, '10') ON CONFLICT DO NOTHING;
INSERT INTO clinlims.lab_roles (lab_unit_role_map_id, role) VALUES (4880, '4') ON CONFLICT DO NOTHING;
INSERT INTO clinlims.lab_roles (lab_unit_role_map_id, role) VALUES (4880, '5') ON CONFLICT DO NOTHING;
INSERT INTO clinlims.lab_roles (lab_unit_role_map_id, role) VALUES (4880, '7') ON CONFLICT DO NOTHING;
INSERT INTO clinlims.lab_roles (lab_unit_role_map_id, role) VALUES (4882, '10') ON CONFLICT DO NOTHING;
INSERT INTO clinlims.lab_roles (lab_unit_role_map_id, role) VALUES (4882, '4') ON CONFLICT DO NOTHING;
INSERT INTO clinlims.lab_roles (lab_unit_role_map_id, role) VALUES (4882, '5') ON CONFLICT DO NOTHING;
INSERT INTO clinlims.lab_roles (lab_unit_role_map_id, role) VALUES (4882, '7') ON CONFLICT DO NOTHING;

-- User Lab Unit Role Assignments
INSERT INTO clinlims.lab_unit_roles (system_user_id, lab_unit_role_map_id) VALUES (1, 1) ON CONFLICT DO NOTHING;
INSERT INTO clinlims.lab_unit_roles (system_user_id, lab_unit_role_map_id) VALUES (111, 4820) ON CONFLICT DO NOTHING;
INSERT INTO clinlims.lab_unit_roles (system_user_id, lab_unit_role_map_id) VALUES (112, 4880) ON CONFLICT DO NOTHING;
INSERT INTO clinlims.lab_unit_roles (system_user_id, lab_unit_role_map_id) VALUES (112, 4881) ON CONFLICT DO NOTHING;
INSERT INTO clinlims.lab_unit_roles (system_user_id, lab_unit_role_map_id) VALUES (112, 4882) ON CONFLICT DO NOTHING;
INSERT INTO clinlims.lab_unit_roles (system_user_id, lab_unit_role_map_id) VALUES (113, 4841) ON CONFLICT DO NOTHING;
INSERT INTO clinlims.lab_unit_roles (system_user_id, lab_unit_role_map_id) VALUES (115, 4842) ON CONFLICT DO NOTHING;
INSERT INTO clinlims.lab_unit_roles (system_user_id, lab_unit_role_map_id) VALUES (116, 4862) ON CONFLICT DO NOTHING;
INSERT INTO clinlims.lab_unit_roles (system_user_id, lab_unit_role_map_id) VALUES (116, 4863) ON CONFLICT DO NOTHING;

-- Update sequences to avoid ID conflicts
SELECT setval('clinlims.login_user_seq', (COALESCE((SELECT MAX(id) FROM clinlims.login_user), 0) + 1)::bigint, false);
SELECT setval('clinlims.system_user_seq', (COALESCE((SELECT MAX(id) FROM clinlims.system_user), 0) + 1)::bigint, false);
SELECT setval('clinlims.system_role_seq', (COALESCE((SELECT MAX(id) FROM clinlims.system_role), 0) + 1)::bigint, false);
SELECT setval('clinlims.system_module_seq', (COALESCE((SELECT MAX(id) FROM clinlims.system_module), 0) + 1)::bigint, false);
SELECT setval('clinlims.system_role_module_seq', (COALESCE((SELECT MAX(id) FROM clinlims.system_role_module), 0) + 1)::bigint, false);
SELECT setval('clinlims.system_user_module_seq', (COALESCE((SELECT MAX(id) FROM clinlims.system_user_module), 0) + 1)::bigint, false);
SELECT setval('clinlims.system_user_section_seq', (COALESCE((SELECT MAX(id) FROM clinlims.system_user_section), 0) + 1)::bigint, false);
SELECT setval('clinlims.organization_seq', (COALESCE((SELECT MAX(id) FROM clinlims.organization), 0) + 1)::bigint, false);
SELECT setval('clinlims.organization_type_seq', (COALESCE((SELECT MAX(id) FROM clinlims.organization_type), 0) + 1)::bigint, false);
SELECT setval('clinlims.test_section_seq', (COALESCE((SELECT MAX(id) FROM clinlims.test_section), 0) + 1)::bigint, false);
SELECT setval('clinlims.unit_of_measure_seq', (COALESCE((SELECT MAX(id) FROM clinlims.unit_of_measure), 0) + 1)::bigint, false);
SELECT setval('clinlims.localization_seq', (COALESCE((SELECT MAX(id) FROM clinlims.localization), 0) + 1)::bigint, false);

COMMIT;

-- Data import complete!
